time,price,number
Feb 21 2014 01 0,287.255,6
Feb 22 2014 01 0,261.777,14
Feb 23 2014 01 0,223.855,17
Feb 24 2014 01 0,218.705,14
Feb 25 2014 01 0,269.871,16
Feb 26 2014 01 0,278.306,6
Feb 27 2014 01 0,273.093,8
Feb 28 2014 01 0,308.117,12
Mar 01 2014 01 0,237.558,18
Mar 02 2014 01 0,233.911,18
Mar 03 2014 01 0,214.601,22
Mar 04 2014 01 0,255.568,21
Mar 05 2014 01 0,218.307,8
Mar 06 2014 01 0,236.084,11
Mar 07 2014 01 0,245.326,15
Mar 08 2014 01 0,273.831,6
Mar 09 2014 01 0,213.326,16
Mar 10 2014 01 0,206.183,21
Mar 11 2014 01 0,209.097,19
Mar 12 2014 01 0,197.02,15
Mar 13 2014 01 0,202.22,13
Mar 14 2014 01 0,234.67,14
Mar 15 2014 01 0,214.028,17
Mar 16 2014 01 0,223.561,23
Mar 17 2014 01 0,228.063,12
Mar 18 2014 01 0,229.703,11
Mar 19 2014 01 0,204.412,17
Mar 20 2014 01 0,194.948,16
Mar 21 2014 01 0,199.033,21
Mar 22 2014 01 0,209.476,23
Mar 23 2014 01 0,197.134,17
Mar 24 2014 01 0,200.955,20
Mar 25 2014 01 0,213.73,15
Mar 26 2014 01 0,223.723,15
Mar 27 2014 01 0,232.444,11
Mar 28 2014 01 0,212.324,23
Mar 29 2014 01 0,205.518,21
Mar 30 2014 01 0,203.79,22
Mar 31 2014 01 0,205.291,21
Apr 01 2014 01 0,218.053,14
Apr 02 2014 01 0,204.795,19
Apr 03 2014 01 0,187.208,26
Apr 04 2014 01 0,193.547,17
Apr 05 2014 01 0,189.471,16
Apr 06 2014 01 0,183.328,21
Apr 07 2014 01 0,185.421,20
Apr 08 2014 01 0,189.984,25
Apr 09 2014 01 0,179.191,38
Apr 10 2014 01 0,184.825,31
Apr 11 2014 01 0,171.679,30
Apr 12 2014 01 0,185.273,36
Apr 13 2014 01 0,194.63,33
Apr 14 2014 01 0,188.461,38
Apr 15 2014 01 0,191.539,16
Apr 16 2014 01 0,175.617,29
Apr 17 2014 01 0,170.898,34
Apr 18 2014 01 0,187.804,27
Apr 19 2014 01 0,179.191,25
Apr 20 2014 01 0,163.492,38
Apr 21 2014 01 0,170.66,29
Apr 22 2014 01 0,173.22,31
Apr 23 2014 01 0,165.253,37
Apr 24 2014 01 0,168.227,35
Apr 25 2014 01 0,183.735,39
Apr 26 2014 01 0,179.901,35
Apr 27 2014 01 0,177.087,26
Apr 28 2014 01 0,165.184,32
Apr 29 2014 01 0,167.908,35
Apr 30 2014 01 0,180.24,38
May 01 2014 01 0,177.503,42
May 02 2014 01 0,145.762,50
May 03 2014 01 0,148.54,55
May 04 2014 01 0,138.953,51
May 05 2014 01 0,135.341,55
May 06 2014 01 0,137.007,50
May 07 2014 01 0,154.162,35
May 08 2014 01 0,148.636,51
May 09 2014 01 0,134.77,63
May 10 2014 01 0,126.113,55
May 11 2014 01 0,109.895,46
May 12 2014 01 0,103.033,63
May 13 2014 01 0,123.167,47
May 14 2014 01 0,122.132,51
May 15 2014 01 0,116.7,49
May 16 2014 01 0,110.06,39
May 17 2014 01 0,113.074,48
May 18 2014 01 0,110.164,34
May 19 2014 01 0,104.811,33
May 20 2014 01 0,104.663,53
May 21 2014 01 0,119.553,43
May 22 2014 01 0,109.474,38
May 23 2014 01 0,106.213,43
May 24 2014 01 0,107.179,47
May 25 2014 01 0,104.979,50
May 26 2014 01 0,103.905,58
May 27 2014 01 0,112.779,38
May 28 2014 01 0,101.802,51
May 29 2014 01 0,100.81,32
May 30 2014 01 0,95.056,62
May 31 2014 01 0,100.794,49
Jun 01 2014 01 0,92.603,62
Jun 02 2014 01 0,95.524,52
Jun 03 2014 01 0,103.876,46
Jun 04 2014 01 0,93.645,47
Jun 05 2014 01 0,90.445,49
Jun 06 2014 01 0,87.056,62
Jun 07 2014 01 0,88.65,60
Jun 08 2014 01 0,87.021,51
Jun 09 2014 01 0,89.529,45
Jun 10 2014 01 0,91.957,47
Jun 11 2014 01 0,93.181,48
Jun 12 2014 01 0,88.566,53
Jun 13 2014 01 0,91.035,46
Jun 14 2014 01 0,96.373,42
Jun 15 2014 01 0,96.797,70
Jun 16 2014 01 0,105.374,59
Jun 17 2014 01 0,87.646,81
Jun 18 2014 01 0,87.047,56
Jun 19 2014 01 0,83.681,57
Jun 20 2014 01 0,73.841,83
Jun 21 2014 01 0,75.256,66
Jun 22 2014 01 0,74.093,54
Jun 23 2014 01 0,68.311,69
Jun 24 2014 01 0,65.024,72
Jun 25 2014 01 0,65.194,61
Jun 26 2014 01 0,69.861,60
Jun 27 2014 01 0,76.05,61
Jun 28 2014 01 0,76.772,69
Jun 29 2014 01 0,81.994,76
Jun 30 2014 01 0,78.374,80
Jul 01 2014 01 0,84.252,68
Jul 02 2014 01 0,68.194,105
Jul 03 2014 01 0,70.639,76
Jul 04 2014 01 0,75.203,59
Jul 05 2014 01 0,71.274,70
Jul 06 2014 01 0,75.366,72
Jul 07 2014 01 0,81.269,63
Jul 08 2014 01 0,77.554,62
Jul 09 2014 01 0,77.555,70
Jul 10 2014 01 0,81.372,77
Jul 11 2014 01 0,72.359,72
Jul 12 2014 01 0,77.575,69
Jul 13 2014 01 0,79.122,53
Jul 14 2014 01 0,77.969,76
Jul 15 2014 01 0,81.325,82
Jul 16 2014 01 0,78.935,84
Jul 17 2014 01 0,76.552,78
Jul 18 2014 01 0,79.889,63
Jul 19 2014 01 0,77.609,69
Jul 20 2014 01 0,73.397,80
Jul 21 2014 01 0,73.898,78
Jul 22 2014 01 0,78.421,84
Jul 23 2014 01 0,78.753,67
Jul 24 2014 01 0,76.446,73
Jul 25 2014 01 0,82.786,77
Jul 26 2014 01 0,79.008,88
Jul 27 2014 01 0,82.718,74
Jul 28 2014 01 0,81.146,91
Jul 29 2014 01 0,78.953,104
Jul 30 2014 01 0,85.981,82
Jul 31 2014 01 0,91.31,84
Aug 01 2014 01 0,95.008,86
Aug 02 2014 01 0,104.691,91
Aug 03 2014 01 0,93.551,82
Aug 04 2014 01 0,83.33,124
Aug 05 2014 01 0,89.845,85
Aug 06 2014 01 0,84.733,99
Aug 07 2014 01 0,91.954,90
Aug 08 2014 01 0,90.869,79
Aug 09 2014 01 0,90.567,70
Aug 10 2014 01 0,87.704,69
Aug 11 2014 01 0,88.094,83
Aug 12 2014 01 0,82.833,86
Aug 13 2014 01 0,85.317,108
Aug 14 2014 01 0,104.278,88
Aug 15 2014 01 0,99.789,106
Aug 16 2014 01 0,101.878,96
Aug 17 2014 01 0,89.076,121
Aug 18 2014 01 0,83.774,90
Aug 19 2014 01 0,88.896,91
Aug 20 2014 01 0,89.784,100
Aug 21 2014 01 0,90.489,77
Aug 22 2014 01 0,89.138,89
Aug 23 2014 01 0,83.691,104
Aug 24 2014 01 0,89.811,103
Aug 25 2014 01 0,92.974,93
Aug 26 2014 01 0,95.531,81
Aug 27 2014 01 0,88.749,98
Aug 28 2014 01 0,86.299,121
Aug 29 2014 01 0,95.353,124
Aug 30 2014 01 0,94.118,117
Aug 31 2014 01 0,87.962,106
Sep 01 2014 01 0,93.986,116
Sep 02 2014 01 0,94.476,92
Sep 03 2014 01 0,99.27,87
Sep 04 2014 01 0,99.84,91
Sep 05 2014 01 0,96.453,94
Sep 06 2014 01 0,96.763,86
Sep 07 2014 01 0,97.263,84
Sep 08 2014 01 0,97.378,91
Sep 09 2014 01 0,93.679,93
Sep 10 2014 01 0,97.74,83
Sep 11 2014 01 0,91.976,86
Sep 12 2014 01 0,88.344,100
Sep 13 2014 01 0,81.679,129
Sep 14 2014 01 0,82.304,108
Sep 15 2014 01 0,88.242,94
Sep 16 2014 01 0,89.357,85
Sep 17 2014 01 0,85.914,106
Sep 18 2014 01 0,91.337,97
Sep 19 2014 01 0,90.317,108
Sep 20 2014 01 0,83.007,120
Sep 21 2014 01 0,84.941,107
Sep 22 2014 01 0,81.87,80
Sep 23 2014 01 0,82.935,81
Sep 24 2014 01 0,80.23,95
Sep 25 2014 01 0,85.877,70
Sep 26 2014 01 0,81.888,116
Sep 27 2014 01 0,79.805,116
Sep 28 2014 01 0,79.325,97
Sep 29 2014 01 0,78.963,93
Sep 30 2014 01 0,78.819,109
Oct 01 2014 01 0,80.378,86
Oct 02 2014 01 0,79.935,111
Oct 03 2014 01 0,83.27,112
Oct 04 2014 01 0,78.772,137
Oct 05 2014 01 0,78.574,125
Oct 06 2014 01 0,78.897,121
Oct 07 2014 01 0,78.422,105
Oct 08 2014 01 0,80.237,114
Oct 09 2014 01 0,77.519,115
Oct 10 2014 01 0,77.717,134
Oct 11 2014 01 0,77.403,126
Oct 12 2014 01 0,77.578,116
Oct 13 2014 01 0,77.953,114
Oct 14 2014 01 0,81.133,88
Oct 15 2014 01 0,81.463,91
Oct 16 2014 01 0,79.272,96
Oct 17 2014 01 0,75.498,124
Oct 18 2014 01 0,70.684,131
Oct 19 2014 01 0,69.8,126
Oct 20 2014 01 0,75.151,111
Oct 21 2014 01 0,76.298,92
Oct 22 2014 01 0,76.868,99
Oct 23 2014 01 0,73.479,106
Oct 24 2014 01 0,76.911,142
Oct 25 2014 01 0,81.536,128
Oct 26 2014 01 0,68.49,153
Oct 27 2014 01 0,69.817,124
Oct 28 2014 01 0,67.715,122
Oct 29 2014 01 0,71.393,101
Oct 30 2014 01 0,76.412,113
Oct 31 2014 01 0,70.628,168
Nov 01 2014 01 0,72.539,175
Nov 02 2014 01 0,67.338,150
Nov 03 2014 01 0,65.422,129
Nov 04 2014 01 0,70.292,101
Nov 05 2014 01 0,67.146,124
Nov 06 2014 01 0,66.954,120
Nov 07 2014 01 0,65.209,146
Nov 08 2014 01 0,71.174,146
Nov 09 2014 01 0,65.975,106
Nov 10 2014 01 0,68.56,107
Nov 11 2014 01 0,68.124,128
Nov 12 2014 01 0,55.667,216
Nov 13 2014 01 0,53.727,148
Nov 14 2014 01 0,58.11,157
Nov 15 2014 01 0,58.567,127
Nov 16 2014 01 0,55.733,145
Nov 17 2014 01 0,52.73,139
Nov 18 2014 01 0,55.804,86
Nov 19 2014 01 0,55.126,116
Nov 20 2014 01 0,56.332,113
Nov 21 2014 01 0,54.97,130
Nov 22 2014 01 0,56.622,145
Nov 23 2014 01 0,51.462,141
Nov 24 2014 01 0,53.532,127
Nov 25 2014 01 0,59.279,113
Nov 26 2014 01 0,60.968,133
Nov 27 2014 01 0,63.178,185
Nov 28 2014 01 0,61.766,172
Nov 29 2014 01 0,90.601,18
Nov 30 2014 01 0,51.632,261
Dec 01 2014 01 0,55.029,155
Dec 02 2014 01 0,56.058,158
Dec 03 2014 01 0,59.336,125
Dec 04 2014 01 0,61.426,129
Dec 05 2014 01 0,66.159,140
Dec 06 2014 01 0,67.022,179
Dec 07 2014 01 0,65.838,164
Dec 08 2014 01 0,61.578,153
Dec 09 2014 01 0,62.017,155
Dec 10 2014 01 0,62.902,152
Dec 11 2014 01 0,66.535,142
Dec 12 2014 01 0,66.427,129
Dec 13 2014 01 0,66.113,174
Dec 14 2014 01 0,63.428,179
Dec 15 2014 01 0,64.163,141
Dec 16 2014 01 0,58.239,158
Dec 17 2014 01 0,58.799,168
Dec 18 2014 01 0,60.906,149
Dec 19 2014 01 0,61.836,191
Dec 20 2014 01 0,60.266,173
Dec 21 2014 01 0,58.846,155
Dec 22 2014 01 0,61.133,167
Dec 23 2014 01 0,62.511,145
Dec 24 2014 01 0,63.196,204
Dec 25 2014 01 0,72.273,196
Dec 26 2014 01 0,74.068,200
Dec 27 2014 01 0,75.062,194
Dec 28 2014 01 0,74.365,167
Dec 29 2014 01 0,70.54,204
Dec 30 2014 01 0,73.747,180
Dec 31 2014 01 0,73.447,161
Jan 01 2015 01 0,72.79,142
Jan 02 2015 01 0,73.944,220
Jan 03 2015 01 0,71.837,198
Jan 04 2015 01 0,71.248,186
Jan 05 2015 01 0,71.066,187
Jan 06 2015 01 0,70.147,174
Jan 07 2015 01 0,75.11,150
Jan 08 2015 01 0,74.223,173
Jan 09 2015 01 0,72.925,222
Jan 10 2015 01 0,69.653,233
Jan 11 2015 01 0,66.09,232
Jan 12 2015 01 0,67.915,205
Jan 13 2015 01 0,65.943,229
Jan 14 2015 01 0,67.502,197
Jan 15 2015 01 0,67.471,202
Jan 16 2015 01 0,65.58,237
Jan 17 2015 01 0,62.807,243
Jan 18 2015 01 0,63.191,219
Jan 19 2015 01 0,63.99,214
Jan 20 2015 01 0,62.641,209
Jan 21 2015 01 0,64.397,195
Jan 22 2015 01 0,63.889,189
Jan 23 2015 01 0,63.605,215
Jan 24 2015 01 0,64.461,274
Jan 25 2015 01 0,62.487,237
Jan 26 2015 01 0,57.944,246
Jan 27 2015 01 0,58.28,238
Jan 28 2015 01 0,59.933,198
Jan 29 2015 01 0,58.081,212
Jan 30 2015 01 0,59.206,266
Jan 31 2015 01 0,62.477,259
Feb 01 2015 01 0,57.207,270
Feb 02 2015 01 0,57.714,225
Feb 03 2015 01 0,58.902,222
Feb 04 2015 01 0,59.512,208
Feb 05 2015 01 0,60.602,196
Feb 06 2015 01 0,57.977,250
Feb 07 2015 01 0,60.349,304
Feb 08 2015 01 0,56.142,232
Feb 09 2015 01 0,59.168,204
Feb 10 2015 01 0,58.275,178
Feb 11 2015 01 0,58.999,207
Feb 12 2015 01 0,57.103,226
Feb 13 2015 01 0,56.761,239
Feb 14 2015 01 0,59.731,286
Feb 15 2015 01 0,58.579,259
Feb 16 2015 01 0,57.02,266
Feb 17 2015 01 0,57.406,242
Feb 18 2015 01 0,57.73,237
Feb 19 2015 01 0,58.028,219
Feb 20 2015 01 0,58.716,242
Feb 21 2015 01 0,58.469,227
Feb 22 2015 01 0,59.228,213
Feb 23 2015 01 0,58.91,227
Feb 24 2015 01 0,61.297,200
Feb 25 2015 01 0,60.027,203
Feb 26 2015 01 0,61.896,191
Feb 27 2015 01 0,60.767,235
Feb 28 2015 01 0,61.399,222
Mar 01 2015 01 0,61.606,209
Mar 02 2015 01 0,61.306,203
Mar 03 2015 01 0,61.035,187
Mar 04 2015 01 0,60.309,195
Mar 05 2015 01 0,59.416,207
Mar 06 2015 01 0,59.769,201
Mar 07 2015 01 0,58.709,237
Mar 08 2015 01 0,58.183,223
Mar 09 2015 01 0,56.937,200
Mar 10 2015 01 0,57.914,197
Mar 11 2015 01 0,56.927,187
Mar 12 2015 01 0,57.892,214
Mar 13 2015 01 0,59.019,286
Mar 14 2015 01 0,61.057,309
Mar 15 2015 01 0,58.553,286
Mar 16 2015 01 0,57.134,272
Mar 17 2015 01 0,60.834,200
Mar 18 2015 01 0,61.817,197
Mar 19 2015 01 0,62.911,196
Mar 20 2015 01 0,62.741,204
Mar 21 2015 01 0,63.392,216
Mar 22 2015 01 0,60.884,221
Mar 23 2015 01 0,60.315,206
Mar 24 2015 01 0,61.825,183
Mar 25 2015 01 0,63.015,186
Mar 26 2015 01 0,61.793,207
Mar 27 2015 01 0,65.09,217
Mar 28 2015 01 0,61.755,256
Mar 29 2015 01 0,59.598,255
Mar 30 2015 01 0,59.059,230
Mar 31 2015 01 0,59.935,223
Apr 01 2015 01 0,59.478,268
Apr 02 2015 01 0,62.554,255
Apr 03 2015 01 0,61.2,249
Apr 04 2015 01 0,61.453,300
Apr 05 2015 01 0,61.911,269
Apr 06 2015 01 0,64.455,256
Apr 07 2015 01 0,64.017,293
Apr 08 2015 01 0,64.033,237
Apr 09 2015 01 0,63.678,251
Apr 10 2015 01 0,65.436,223
Apr 11 2015 01 0,60.59,348
Apr 12 2015 01 0,61.951,258
Apr 13 2015 01 0,60.995,230
Apr 14 2015 01 0,58.426,241
Apr 15 2015 01 0,56.003,236
Apr 16 2015 01 0,51.786,411
Apr 17 2015 01 0,50.024,390
Apr 18 2015 01 0,50.289,343
Apr 19 2015 01 0,48.446,278
Apr 20 2015 01 0,48.015,296
Apr 21 2015 01 0,46.711,248
Apr 22 2015 01 0,45.961,268
Apr 23 2015 01 0,47.019,249
Apr 24 2015 01 0,45.675,313
Apr 25 2015 01 0,47.079,323
Apr 26 2015 01 0,45.522,274
Apr 27 2015 01 0,44.245,288
Apr 28 2015 01 0,45.124,237
Apr 29 2015 01 0,46.84,232
Apr 30 2015 01 0,47.659,316
May 01 2015 01 0,43.054,373
May 02 2015 01 0,46.045,320
May 03 2015 01 0,45.121,262
May 04 2015 01 0,42.924,307
May 05 2015 01 0,43.202,284
May 06 2015 01 0,44.708,278
May 07 2015 01 0,46.107,242
May 08 2015 01 0,44.693,306
May 09 2015 01 0,44.992,327
May 10 2015 01 0,43.364,336
May 11 2015 01 0,44.783,249
May 12 2015 01 0,45.56,231
May 13 2015 01 0,45.72,238
May 14 2015 01 0,42.355,237
May 15 2015 01 0,42.827,274
May 16 2015 01 0,46.051,297
May 17 2015 01 0,43.558,295
May 18 2015 01 0,42.936,231
May 19 2015 01 0,46.18,227
May 20 2015 01 0,44.761,226
May 21 2015 01 0,43.84,235
May 22 2015 01 0,43.369,308
May 23 2015 01 0,43.797,298
May 24 2015 01 0,41.355,294
May 25 2015 01 0,41.796,305
May 26 2015 01 0,42.978,271
May 27 2015 01 0,33.003,600
May 28 2015 01 0,35.684,392
May 29 2015 01 0,36.3,414
May 30 2015 01 0,38.153,390
May 31 2015 01 0,39.106,328
Jun 01 2015 01 0,39.908,313
Jun 02 2015 01 0,39.898,272
Jun 03 2015 01 0,40.18,299
Jun 04 2015 01 0,39.352,296
Jun 05 2015 01 0,36.597,336
Jun 06 2015 01 0,37.648,332
Jun 07 2015 01 0,37.529,304
Jun 08 2015 01 0,38.927,304
Jun 09 2015 01 0,39.659,310
Jun 10 2015 01 0,39.35,307
Jun 11 2015 01 0,38.478,296
Jun 12 2015 01 0,36.282,358
Jun 13 2015 01 0,34.751,342
Jun 14 2015 01 0,33.823,360
Jun 15 2015 01 0,34.49,330
Jun 16 2015 01 0,34.075,342
Jun 17 2015 01 0,33.044,334
Jun 18 2015 01 0,34.355,318
Jun 19 2015 01 0,35.047,353
Jun 20 2015 01 0,36.076,299
Jun 21 2015 01 0,34.184,327
Jun 22 2015 01 0,35.273,325
Jun 23 2015 01 0,38.171,243
Jun 24 2015 01 0,40.925,271
Jun 25 2015 01 0,40.979,235
Jun 26 2015 01 0,40.777,276
Jun 27 2015 01 0,38.737,255
Jun 28 2015 01 0,38.165,259
Jun 29 2015 01 0,39.761,282
Jun 30 2015 01 0,39.656,259
Jul 01 2015 01 0,41.957,263
Jul 02 2015 01 0,41.393,228
Jul 03 2015 01 0,39.386,276
Jul 04 2015 01 0,41.062,231
Jul 05 2015 01 0,40.382,230
Jul 06 2015 01 0,38.062,298
Jul 07 2015 01 0,39.264,257
Jul 08 2015 01 0,39.683,218
Jul 09 2015 01 0,39.111,290
Jul 10 2015 01 0,38.791,288
Jul 11 2015 01 0,38.176,269
Jul 12 2015 01 0,37.812,298
Jul 13 2015 01 0,37.046,285
Jul 14 2015 01 0,38.138,245
Jul 15 2015 01 0,39.137,239
Jul 16 2015 01 0,37.905,238
Jul 17 2015 01 0,37.961,277
Jul 18 2015 01 0,38.845,259
Jul 19 2015 01 0,36.965,276
Jul 20 2015 01 0,38.246,242
Jul 21 2015 01 0,38.378,282
Jul 22 2015 01 0,40.769,214
Jul 23 2015 01 0,38.243,252
Jul 24 2015 01 0,38.361,230
Jul 25 2015 01 0,38.52,219
Jul 26 2015 01 0,37.008,223
Jul 27 2015 01 0,37.64,268
Jul 28 2015 01 0,36.764,260
Jul 29 2015 01 0,36.303,244
Jul 30 2015 01 0,37.108,274
Jul 31 2015 01 0,37.569,269
Aug 01 2015 01 0,37.568,246
Aug 02 2015 01 0,37.767,226
Aug 03 2015 01 0,37.007,248
Aug 04 2015 01 0,37.096,242
Aug 05 2015 01 0,36.035,260
Aug 06 2015 01 0,36.749,252
Aug 07 2015 01 0,36.173,289
Aug 08 2015 01 0,37.108,229
Aug 09 2015 01 0,36.921,212
Aug 10 2015 01 0,37.486,268
Aug 11 2015 01 0,36.184,254
Aug 12 2015 01 0,36.968,244
Aug 13 2015 01 0,39.448,256
Aug 14 2015 01 0,37.414,237
Aug 15 2015 01 0,32.776,327
Aug 16 2015 01 0,33.324,272
Aug 17 2015 01 0,33.659,273
Aug 18 2015 01 0,33.8,253
Aug 19 2015 01 0,36.65,247
Aug 20 2015 01 0,34.61,294
Aug 21 2015 01 0,35.469,336
Aug 22 2015 01 0,35.883,294
Aug 23 2015 01 0,34.674,372
Aug 24 2015 01 0,35.365,369
Aug 25 2015 01 0,37.938,281
Aug 26 2015 01 0,38.93,288
Aug 27 2015 01 0,41.337,214
Aug 28 2015 01 0,41.659,263
Aug 29 2015 01 0,41.319,240
Aug 30 2015 01 0,41.177,222
Aug 31 2015 01 0,41.865,242
Sep 01 2015 01 0,45.296,274
Sep 02 2015 01 0,43.241,237
Sep 03 2015 01 0,43.895,210
Sep 04 2015 01 0,42.932,259
Sep 05 2015 01 0,42.984,254
Sep 06 2015 01 0,42.524,251
Sep 07 2015 01 0,42.506,240
Sep 08 2015 01 0,43.008,223
Sep 09 2015 01 0,42.141,185
Sep 10 2015 01 0,43.555,213
Sep 11 2015 01 0,41.643,258
Sep 12 2015 01 0,42.743,265
Sep 13 2015 01 0,42.12,290
Sep 14 2015 01 0,42.261,240
Sep 15 2015 01 0,43.905,208
Sep 16 2015 01 0,44.218,230
Sep 17 2015 01 0,42.543,221
Sep 18 2015 01 0,46.082,400
Sep 19 2015 01 0,45.44,372
Sep 20 2015 01 0,44.427,339
Sep 21 2015 01 0,43.038,272
Sep 22 2015 01 0,42.35,280
Sep 23 2015 01 0,41.782,263
Sep 24 2015 01 0,42.491,256
Sep 25 2015 01 0,43.552,278
Sep 26 2015 01 0,44.105,328
Sep 27 2015 01 0,43.363,257
Sep 28 2015 01 0,42.259,270
Sep 29 2015 01 0,42.153,229
Sep 30 2015 01 0,42.006,255
Oct 01 2015 01 0,43.088,241
Oct 02 2015 01 0,42.812,286
Oct 03 2015 01 0,41.283,310
Oct 04 2015 01 0,40.824,271
Oct 05 2015 01 0,41.618,245
Oct 06 2015 01 0,41.069,226
Oct 07 2015 01 0,41.859,204
Oct 08 2015 01 0,40.85,228
Oct 09 2015 01 0,42.179,258
Oct 10 2015 01 0,42.017,284
Oct 11 2015 01 0,42.316,257
Oct 12 2015 01 0,41.331,266
Oct 13 2015 01 0,41.764,211
Oct 14 2015 01 0,39.751,223
Oct 15 2015 01 0,40.197,196
Oct 16 2015 01 0,41.162,241
Oct 17 2015 01 0,40.398,250
Oct 18 2015 01 0,39.015,253
Oct 19 2015 01 0,38.434,194
Oct 20 2015 01 0,40.464,199
Oct 21 2015 01 0,38.892,215
Oct 22 2015 01 0,36.796,180
Oct 23 2015 01 0,37.901,277
Oct 24 2015 01 0,37.567,281
Oct 25 2015 01 0,37.293,293
Oct 26 2015 01 0,37.027,234
Oct 27 2015 01 0,39.584,190
Oct 28 2015 01 0,38.75,246
Oct 29 2015 01 0,38.398,235
Oct 30 2015 01 0,38.424,308
Oct 31 2015 01 0,39.281,319
Nov 01 2015 01 0,37.613,347
Nov 02 2015 01 0,36.237,297
Nov 03 2015 01 0,38.181,243
Nov 04 2015 01 0,39.444,235
Nov 05 2015 01 0,39.834,216
Nov 06 2015 01 0,39.37,249
Nov 07 2015 01 0,39.668,305
Nov 08 2015 01 0,37.779,278
Nov 09 2015 01 0,38.812,230
Nov 10 2015 01 0,38.009,200
Nov 11 2015 01 0,39.321,182
Nov 12 2015 01 0,36.926,206
Nov 13 2015 01 0,37.857,257
Nov 14 2015 01 0,39.289,282
Nov 15 2015 01 0,38.582,232
Nov 16 2015 01 0,38.363,207
Nov 17 2015 01 0,39.527,190
Nov 18 2015 01 0,38.76,196
Nov 19 2015 01 0,39.246,173
Nov 20 2015 01 0,39.443,245
Nov 21 2015 01 0,39.827,267
Nov 22 2015 01 0,38.617,202
Nov 23 2015 01 0,38.585,215
Nov 24 2015 01 0,38.045,232
Nov 25 2015 01 0,38.734,236
Nov 26 2015 01 0,34.225,324
Nov 27 2015 01 0,35.397,350
Nov 28 2015 01 0,34.944,356
Nov 29 2015 01 0,34.149,318
Nov 30 2015 01 0,34.795,282
Dec 01 2015 01 0,35.75,244
Dec 02 2015 01 0,37.749,213
Dec 03 2015 01 0,38.026,215
Dec 04 2015 01 0,39.709,247
Dec 05 2015 01 0,39.829,293
Dec 06 2015 01 0,41.183,298
Dec 07 2015 01 0,40.601,247
Dec 08 2015 01 0,40.332,218
Dec 09 2015 01 0,42.289,361
Dec 10 2015 01 0,41.778,263
Dec 11 2015 01 0,41.783,255
Dec 12 2015 01 0,41.927,294
Dec 13 2015 01 0,40.307,266
Dec 14 2015 01 0,40.325,196
Dec 15 2015 01 0,40.774,209
Dec 16 2015 01 0,40.711,175
Dec 17 2015 01 0,38.603,187
Dec 18 2015 01 0,38.409,209
Dec 19 2015 01 0,39.417,222
Dec 20 2015 01 0,36.826,219
Dec 21 2015 01 0,36.544,247
Dec 22 2015 01 0,37.058,234
Dec 23 2015 01 0,32.755,285
Dec 24 2015 01 0,31.805,345
Dec 25 2015 01 0,37.343,343
Dec 26 2015 01 0,37.233,337
Dec 27 2015 01 0,35.109,330
Dec 28 2015 01 0,37.2,342
Dec 29 2015 01 0,36.48,319
Dec 30 2015 01 0,33.602,307
Dec 31 2015 01 0,34.094,324
Jan 01 2016 01 0,32.216,362
Jan 02 2016 01 0,32.269,340
Jan 03 2016 01 0,31.218,287
Jan 04 2016 01 0,32.15,340
Jan 05 2016 01 0,35.099,277
Jan 06 2016 01 0,35.465,230
Jan 07 2016 01 0,36.467,247
Jan 08 2016 01 0,37.268,270
Jan 09 2016 01 0,36.512,303
Jan 10 2016 01 0,36.213,258
Jan 11 2016 01 0,36.179,229
Jan 12 2016 01 0,35.965,207
Jan 13 2016 01 0,36.663,183
Jan 14 2016 01 0,37.742,233
Jan 15 2016 01 0,36.348,229
Jan 16 2016 01 0,36.021,274
Jan 17 2016 01 0,35.105,213
Jan 18 2016 01 0,34.636,214
Jan 19 2016 01 0,35.907,183
Jan 20 2016 01 0,35.536,198
Jan 21 2016 01 0,36.644,184
Jan 22 2016 01 0,36.957,236
Jan 23 2016 01 0,36.414,263
Jan 24 2016 01 0,34.647,232
Jan 25 2016 01 0,35.117,235
Jan 26 2016 01 0,35.277,197
Jan 27 2016 01 0,36.171,234
Jan 28 2016 01 0,35.446,218
Jan 29 2016 01 0,34.984,256
Jan 30 2016 01 0,36.167,295
Jan 31 2016 01 0,36.371,233
Feb 01 2016 01 0,34.381,275
Feb 02 2016 01 0,34.904,196
Feb 03 2016 01 0,36.755,224
Feb 04 2016 01 0,35.683,198
Feb 05 2016 01 0,35.429,254
Feb 06 2016 01 0,31.875,291
Feb 07 2016 01 0,29.608,254
Feb 08 2016 01 0,29.376,240
Feb 09 2016 01 0,29.22,220
Feb 10 2016 01 0,29.365,248
Feb 11 2016 01 0,29.887,213
Feb 12 2016 01 0,30.227,272
Feb 13 2016 01 0,32.376,274
Feb 14 2016 01 0,33.494,262
Feb 15 2016 01 0,33.07,214
Feb 16 2016 01 0,34.494,188
Feb 17 2016 01 0,33.095,220
Feb 18 2016 01 0,28.59,429
Feb 19 2016 01 0,31.093,321
Feb 20 2016 01 0,32.254,325
Feb 21 2016 01 0,31.645,312
Feb 22 2016 01 0,31.467,282
Feb 23 2016 01 0,32.526,244
Feb 24 2016 01 0,32.322,268
Feb 25 2016 01 0,31.619,215
Feb 26 2016 01 0,31.816,253
Feb 27 2016 01 0,31.984,327
Feb 28 2016 01 0,31.893,233
Feb 29 2016 01 0,32.14,280
Mar 01 2016 01 0,32.03,227
Mar 02 2016 01 0,33.271,206
Mar 03 2016 01 0,32.78,239
Mar 04 2016 01 0,32.421,244
Mar 05 2016 01 0,32.192,293
Mar 06 2016 01 0,31.156,268
Mar 07 2016 01 0,31.606,229
Mar 08 2016 01 0,31.836,248
Mar 09 2016 01 0,31.936,223
Mar 10 2016 01 0,33.621,177
Mar 11 2016 01 0,33.477,182
Mar 12 2016 01 0,35.555,188
Mar 13 2016 01 0,35.817,204
Mar 14 2016 01 0,36.091,182
Mar 15 2016 01 0,37.164,128
Mar 16 2016 01 0,37.806,120
Mar 17 2016 01 0,37.463,158
Mar 18 2016 01 0,36.016,197
Mar 19 2016 01 0,37.539,209
Mar 20 2016 01 0,37.624,185
Mar 21 2016 01 0,38.061,180
Mar 22 2016 01 0,37.632,153
Mar 23 2016 01 0,37.84,144
Mar 24 2016 01 0,37.599,184
Mar 25 2016 01 0,38.306,201
Mar 26 2016 01 0,35.681,196
Mar 27 2016 01 0,35.685,204
Mar 28 2016 01 0,35.603,191
Mar 29 2016 01 0,36.593,194
Mar 30 2016 01 0,37.983,201
Mar 31 2016 01 0,40.276,197
Apr 01 2016 01 0,41.851,201
Apr 02 2016 01 0,43.067,215
Apr 03 2016 01 0,40.071,236
Apr 04 2016 01 0,43.227,219
Apr 05 2016 01 0,43.492,160
Apr 06 2016 01 0,44.025,151
Apr 07 2016 01 0,42.863,138
Apr 08 2016 01 0,43.105,184
Apr 09 2016 01 0,43.238,191
Apr 10 2016 01 0,42.752,201
Apr 11 2016 01 0,41.296,140
Apr 12 2016 01 0,40.512,141
Apr 13 2016 01 0,41.774,151
Apr 14 2016 01 0,41.814,130
Apr 15 2016 01 0,41.934,165
Apr 16 2016 01 0,41.802,181
Apr 17 2016 01 0,40.292,155
Apr 18 2016 01 0,40.028,149
Apr 19 2016 01 0,40.965,159
Apr 20 2016 01 0,41.902,152
Apr 21 2016 01 0,42.21,126
Apr 22 2016 01 0,41.013,162
Apr 23 2016 01 0,40.918,175
Apr 24 2016 01 0,39.254,156
Apr 25 2016 01 0,39.111,150
Apr 26 2016 01 0,40.72,150
Apr 27 2016 01 0,41.251,141
Apr 28 2016 01 0,42.423,216
Apr 29 2016 01 0,42.811,209
Apr 30 2016 01 0,42.662,201
May 01 2016 01 0,41.586,217
May 02 2016 01 0,42.522,163
May 03 2016 01 0,41.975,187
May 04 2016 01 0,41.726,172
May 05 2016 01 0,41.145,179
May 06 2016 01 0,40.941,198
May 07 2016 01 0,40.738,186
May 08 2016 01 0,40.897,164
May 09 2016 01 0,40.254,158
May 10 2016 01 0,42.244,160
May 11 2016 01 0,41.787,160
May 12 2016 01 0,40.513,144
May 13 2016 01 0,39.054,158
May 14 2016 01 0,41.302,212
May 15 2016 01 0,40.398,149
May 16 2016 01 0,39.781,132
May 17 2016 01 0,37.927,158
May 18 2016 01 0,38.363,141
May 19 2016 01 0,36.937,135
May 20 2016 01 0,38.525,154
May 21 2016 01 0,36.783,168
May 22 2016 01 0,35.286,153
May 23 2016 01 0,37.566,144
May 24 2016 01 0,35.82,146
May 25 2016 01 0,35.827,151
May 26 2016 01 0,35.49,154
May 27 2016 01 0,36.826,190
May 28 2016 01 0,37.844,161
May 29 2016 01 0,36.535,137
May 30 2016 01 0,36.963,149
May 31 2016 01 0,38.552,140
Jun 01 2016 01 0,38.409,171
Jun 02 2016 01 0,39.812,138
Jun 03 2016 01 0,38.121,164
Jun 04 2016 01 0,36.423,178
Jun 05 2016 01 0,33.944,155
Jun 06 2016 01 0,34.456,143
Jun 07 2016 01 0,35.86,128
Jun 08 2016 01 0,36.87,130
Jun 09 2016 01 0,35.392,142
Jun 10 2016 01 0,36.032,129
Jun 11 2016 01 0,35.753,168
Jun 12 2016 01 0,35.522,148
Jun 13 2016 01 0,35.171,146
Jun 14 2016 01 0,36.443,126
Jun 15 2016 01 0,35.961,121
Jun 16 2016 01 0,40.061,270
Jun 17 2016 01 0,41.895,243
Jun 18 2016 01 0,41.406,214
Jun 19 2016 01 0,40.38,158
Jun 20 2016 01 0,38.965,202
Jun 21 2016 01 0,36.848,196
Jun 22 2016 01 0,34.813,182
Jun 23 2016 01 0,32.349,193
Jun 24 2016 01 0,30.188,241
Jun 25 2016 01 0,30.3,205
Jun 26 2016 01 0,30.357,217
Jun 27 2016 01 0,30.541,230
Jun 28 2016 01 0,31.09,177
Jun 29 2016 01 0,29.501,207
Jun 30 2016 01 0,29.119,205
Jul 01 2016 01 0,28.319,242
Jul 02 2016 01 0,28.756,222
Jul 03 2016 01 0,28.558,206
Jul 04 2016 01 0,29.46,240
Jul 05 2016 01 0,34.16,185
Jul 06 2016 01 0,35.68,209
Jul 07 2016 01 0,37.251,197
Jul 08 2016 01 0,38.145,188
Jul 09 2016 01 0,38.256,171
Jul 10 2016 01 0,35.813,210
Jul 11 2016 01 0,36.471,188
Jul 12 2016 01 0,38.185,160
Jul 13 2016 01 0,39.782,143
Jul 14 2016 01 0,37.36,171
Jul 15 2016 01 0,35.532,173
Jul 16 2016 01 0,36.404,135
Jul 17 2016 01 0,36.859,146
Jul 18 2016 01 0,36.228,168
Jul 19 2016 01 0,36.285,145
Jul 20 2016 01 0,41.629,150
Jul 21 2016 01 0,34.278,156
Jul 22 2016 01 0,34.096,133
Jul 23 2016 01 0,34.083,154
Jul 24 2016 01 0,34.359,136
Jul 25 2016 01 0,35.173,148
Jul 26 2016 01 0,35.868,123
Jul 27 2016 01 0,34.975,144
Jul 28 2016 01 0,35.933,158
Jul 29 2016 01 0,36.706,138
Jul 30 2016 01 0,35.865,170
Jul 31 2016 01 0,35.565,162
Aug 01 2016 01 0,36.062,164
Aug 02 2016 01 0,36.712,159
Aug 03 2016 01 0,36.986,141
Aug 04 2016 01 0,35.327,117
Aug 05 2016 01 0,33.838,143
Aug 06 2016 01 0,33.538,155
Aug 07 2016 01 0,32.098,146
Aug 08 2016 01 0,32.132,168
Aug 09 2016 01 0,31.761,151
Aug 10 2016 01 0,30.44,180
Aug 11 2016 01 0,31.464,152
Aug 12 2016 01 0,32.51,144
Aug 13 2016 01 0,32.098,149
Aug 14 2016 01 0,32.743,162
Aug 15 2016 01 0,32.45,163
Aug 16 2016 01 0,33.824,158
Aug 17 2016 01 0,32.987,126
Aug 18 2016 01 0,32.233,154
Aug 19 2016 01 0,33.612,194
Aug 20 2016 01 0,34.634,157
Aug 21 2016 01 0,34.667,151
Aug 22 2016 01 0,33.618,158
Aug 23 2016 01 0,34.034,157
Aug 24 2016 01 0,33.907,142
Aug 25 2016 01 0,34.314,160
Aug 26 2016 01 0,34.452,147
Aug 27 2016 01 0,35.97,161
Aug 28 2016 01 0,36.481,151
Aug 29 2016 01 0,36.366,138
Aug 30 2016 01 0,37.339,136
Aug 31 2016 01 0,39.097,158
Sep 01 2016 01 0,39.42,147
Sep 02 2016 01 0,38.023,139
Sep 03 2016 01 0,38.369,154
Sep 04 2016 01 0,37.128,128
Sep 05 2016 01 0,36.726,125
Sep 06 2016 01 0,37.789,144
Sep 07 2016 01 0,38.171,115
Sep 08 2016 01 0,40.017,104
Sep 09 2016 01 0,38.73,132
Sep 10 2016 01 0,39.235,151
Sep 11 2016 01 0,39.261,141
Sep 12 2016 01 0,38.199,135
Sep 13 2016 01 0,39.621,106
Sep 14 2016 01 0,39.77,95
Sep 15 2016 01 0,39.022,130
Sep 16 2016 01 0,38.776,122
Sep 17 2016 01 0,39.372,146
Sep 18 2016 01 0,37.329,160
Sep 19 2016 01 0,38.352,104
Sep 20 2016 01 0,38.325,136
Sep 21 2016 01 0,37.253,108
Sep 22 2016 01 0,38.274,98
Sep 23 2016 01 0,37.392,135
Sep 24 2016 01 0,38.818,147
Sep 25 2016 01 0,38.07,118
Sep 26 2016 01 0,38.45,104
Sep 27 2016 01 0,38.982,102
Sep 28 2016 01 0,41.291,120
Sep 29 2016 01 0,40.026,125
Sep 30 2016 01 0,39.208,130
Oct 01 2016 01 0,38.016,133
Oct 02 2016 01 0,39.239,126
Oct 03 2016 01 0,37.756,113
Oct 04 2016 01 0,37.131,127
Oct 05 2016 01 0,38.182,106
Oct 06 2016 01 0,37.809,105
Oct 07 2016 01 0,37.443,145
Oct 08 2016 01 0,37.106,156
Oct 09 2016 01 0,38.054,124
Oct 10 2016 01 0,37.681,109
Oct 11 2016 01 0,39.089,102
Oct 12 2016 01 0,37.895,100
Oct 13 2016 01 0,37.676,102
Oct 14 2016 01 0,38.014,128
Oct 15 2016 01 0,40.895,146
Oct 16 2016 01 0,40.702,104
Oct 17 2016 01 0,39.238,100
Oct 18 2016 01 0,39.884,96
Oct 19 2016 01 0,39.651,105
Oct 20 2016 01 0,39.258,105
Oct 21 2016 01 0,38.21,104
Oct 22 2016 01 0,39.488,138
Oct 23 2016 01 0,39.101,106
Oct 24 2016 01 0,39.847,103
Oct 25 2016 01 0,38.991,87
Oct 26 2016 01 0,40.469,109
Oct 27 2016 01 0,39.074,97
Oct 28 2016 01 0,36.66,121
Oct 29 2016 01 0,35.391,144
Oct 30 2016 01 0,33.278,148
Oct 31 2016 01 0,35.022,125
Nov 01 2016 01 0,36.859,129
Nov 02 2016 01 0,40.03,84
Nov 03 2016 01 0,40.342,89
Nov 04 2016 01 0,40.513,112
Nov 05 2016 01 0,41.9,119
Nov 06 2016 01 0,41.247,90
Nov 07 2016 01 0,43.086,79
Nov 08 2016 01 0,39.996,67
Nov 09 2016 01 0,41.417,95
Nov 10 2016 01 0,42.939,83
Nov 11 2016 01 0,42.45,98
Nov 12 2016 01 0,43.127,100
Nov 13 2016 01 0,42.588,83
Nov 14 2016 01 0,42.249,85
Nov 15 2016 01 0,42.136,86
Nov 16 2016 01 0,40.308,78
Nov 17 2016 01 0,40.79,85
Nov 18 2016 01 0,42.688,80
Nov 19 2016 01 0,41.059,112
Nov 20 2016 01 0,42.547,112
Nov 21 2016 01 0,40.398,91
Nov 22 2016 01 0,39.91,73
Nov 23 2016 01 0,39.251,84
Nov 24 2016 01 0,36.076,109
Nov 25 2016 01 0,38.106,125
Nov 26 2016 01 0,38.732,112
Nov 27 2016 01 0,36.252,119
Nov 28 2016 01 0,36.399,104
Nov 29 2016 01 0,38.551,134
Nov 30 2016 01 0,40.719,84
Dec 01 2016 01 0,42.141,94
Dec 02 2016 01 0,42.348,97
Dec 03 2016 01 0,42.458,95
Dec 04 2016 01 0,42.14,106
Dec 05 2016 01 0,43.312,95
Dec 06 2016 01 0,43.904,80
Dec 07 2016 01 0,43.978,68
Dec 08 2016 01 0,41.705,99
Dec 09 2016 01 0,42.524,105
Dec 10 2016 01 0,41.842,120
Dec 11 2016 01 0,43.881,94
Dec 12 2016 01 0,43.279,81
Dec 13 2016 01 0,43.439,86
Dec 14 2016 01 0,43.722,91
Dec 15 2016 01 0,42.911,78
Dec 16 2016 01 0,40.418,81
Dec 17 2016 01 0,40.888,114
Dec 18 2016 01 0,39.31,87
Dec 19 2016 01 0,38.451,84
Dec 20 2016 01 0,37.933,136
Dec 21 2016 01 0,38.986,77
Dec 22 2016 01 0,37.774,130
Dec 23 2016 01 0,36.818,114
Dec 24 2016 01 0,37.514,172
Dec 25 2016 01 0,40.821,209
Dec 26 2016 01 0,43.983,182
Dec 27 2016 01 0,42.854,149
Dec 28 2016 01 0,41.13,142
Dec 29 2016 01 0,41.774,131
Dec 30 2016 01 0,41.258,148
Dec 31 2016 01 0,41.51,115
Jan 01 2017 01 0,41.205,152
Jan 02 2017 01 0,41.845,149
Jan 03 2017 01 0,42.783,137
Jan 04 2017 01 0,43.213,111
Jan 05 2017 01 0,45.486,104
Jan 06 2017 01 0,42.991,139
Jan 07 2017 01 0,46.544,127
Jan 08 2017 01 0,46.076,106
Jan 09 2017 01 0,46.801,105
Jan 10 2017 01 0,47.219,100
Jan 11 2017 01 0,47.187,91
Jan 12 2017 01 0,46.97,88
Jan 13 2017 01 0,46.426,127
Jan 14 2017 01 0,44.211,125
Jan 15 2017 01 0,44.976,105
Jan 16 2017 01 0,44.581,115
Jan 17 2017 01 0,44.627,88
Jan 18 2017 01 0,46.627,94
Jan 19 2017 01 0,46.774,96
Jan 20 2017 01 0,46.924,95
Jan 21 2017 01 0,47.134,110
Jan 22 2017 01 0,47.631,107
Jan 23 2017 01 0,49.162,124
Jan 24 2017 01 0,52.154,86
Jan 25 2017 01 0,52.077,105
Jan 26 2017 01 0,53.116,104
Jan 27 2017 01 0,52.061,107
Jan 28 2017 01 0,51.626,122
Jan 29 2017 01 0,52.123,127
Jan 30 2017 01 0,52.234,112
Jan 31 2017 01 0,50.647,109
Feb 01 2017 01 0,52.232,99
Feb 02 2017 01 0,51.258,99
Feb 03 2017 01 0,51.247,109
Feb 04 2017 01 0,51.696,138
Feb 05 2017 01 0,52.195,115
Feb 06 2017 01 0,51.388,87
Feb 07 2017 01 0,51.573,95
Feb 08 2017 01 0,50.686,93
Feb 09 2017 01 0,52.554,71
Feb 10 2017 01 0,51.589,104
Feb 11 2017 01 0,52.239,118
Feb 12 2017 01 0,52.976,79
Feb 13 2017 01 0,52.127,94
Feb 14 2017 01 0,51.805,78
Feb 15 2017 01 0,51.576,64
Feb 16 2017 01 0,50.145,77
Feb 17 2017 01 0,49.405,89
Feb 18 2017 01 0,51.004,112
Feb 19 2017 01 0,49.993,105
Feb 20 2017 01 0,48.096,99
Feb 21 2017 01 0,49.849,93
Feb 22 2017 01 0,50.114,88
Feb 23 2017 01 0,66.574,99
Feb 24 2017 01 0,51.703,103
Feb 25 2017 01 0,52.641,110
Feb 26 2017 01 0,53.998,96
Feb 27 2017 01 0,54.827,79
Feb 28 2017 01 0,54.319,87
Mar 01 2017 01 0,54.415,88
Mar 02 2017 01 0,53.44,107
Mar 03 2017 01 0,53.659,107
Mar 04 2017 01 0,55.328,101
Mar 05 2017 01 0,53.942,115
Mar 06 2017 01 0,54.418,75
Mar 07 2017 01 0,53.953,86
Mar 08 2017 01 0,55.157,96
Mar 09 2017 01 0,53.763,76
Mar 10 2017 01 0,55.763,81
Mar 11 2017 01 0,54.499,94
Mar 12 2017 01 0,53.731,86
Mar 13 2017 01 0,54.232,93
Mar 14 2017 01 0,55.295,54
Mar 15 2017 01 0,55.615,69
Mar 16 2017 01 0,55.747,127
Mar 17 2017 01 0,57.348,98
Mar 18 2017 01 0,57.228,107
Mar 19 2017 01 0,56.964,94
Mar 20 2017 01 0,55.114,80
Mar 21 2017 01 0,55.087,91
Mar 22 2017 01 0,55.389,71
Mar 23 2017 01 0,55.013,76
Mar 24 2017 01 0,52.685,106
Mar 25 2017 01 0,51.874,117
Mar 26 2017 01 0,52.223,102
Mar 27 2017 01 0,50.394,90
Mar 28 2017 01 0,51.094,72
Mar 29 2017 01 0,54.887,75
Mar 30 2017 01 0,50.89,91
Mar 31 2017 01 0,54.668,88
Apr 01 2017 01 0,54.324,102
Apr 02 2017 01 0,52.658,102
Apr 03 2017 01 0,52.458,77
Apr 04 2017 01 0,53.401,65
Apr 05 2017 01 0,53.101,75
Apr 06 2017 01 0,54.134,81
Apr 07 2017 01 0,55.955,75
Apr 08 2017 01 0,55.199,94
Apr 09 2017 01 0,55.231,85
Apr 10 2017 01 0,54.431,84
Apr 11 2017 01 0,54.203,76
Apr 12 2017 01 0,55.094,70
Apr 13 2017 01 0,53.37,92
Apr 14 2017 01 0,53.627,66
Apr 15 2017 01 0,53.943,101
Apr 16 2017 01 0,55.541,101
Apr 17 2017 01 0,56.812,89
Apr 18 2017 01 0,58.463,88
Apr 19 2017 01 0,58.997,80
Apr 20 2017 01 0,55.802,76
Apr 21 2017 01 0,55.078,77
Apr 22 2017 01 0,57.953,93
Apr 23 2017 01 0,57.072,67
Apr 24 2017 01 0,56.044,78
Apr 25 2017 01 0,56.005,74
Apr 26 2017 01 0,57.922,65
Apr 27 2017 01 0,58.73,60
Apr 28 2017 01 0,57.801,79
Apr 29 2017 01 0,57.632,73
Apr 30 2017 01 0,57.649,85
May 01 2017 01 0,56.384,73
May 02 2017 01 0,58.75,63
May 03 2017 01 0,58.542,60
May 04 2017 01 0,61.628,59
May 05 2017 01 0,54.449,85
May 06 2017 01 0,55.708,92
May 07 2017 01 0,61.278,88
May 08 2017 01 0,56.603,71
May 09 2017 01 0,56.423,65
May 10 2017 01 0,57.906,70
May 11 2017 01 0,59.379,72
May 12 2017 01 0,63.956,78
May 13 2017 01 0,63.206,66
May 14 2017 01 0,56.102,59
May 15 2017 01 0,57.074,70
May 16 2017 01 0,58.806,68
May 17 2017 01 0,61.78,51
May 18 2017 01 0,62.267,45
May 19 2017 01 0,60.25,73
May 20 2017 01 0,62.38,67
May 21 2017 01 0,62.048,62
May 22 2017 01 0,61.348,55
May 23 2017 01 0,60.99,54
May 24 2017 01 0,46.657,175
May 25 2017 01 0,48.134,98
May 26 2017 01 0,49.886,118
May 27 2017 01 0,53.172,98
May 28 2017 01 0,53.835,84
May 29 2017 01 0,53.334,71
May 30 2017 01 0,55.216,67
May 31 2017 01 0,53.78,75
Jun 01 2017 01 0,55.917,62
Jun 02 2017 01 0,57.289,87
Jun 03 2017 01 0,57.035,87
Jun 04 2017 01 0,54.724,79
Jun 05 2017 01 0,58.257,59
Jun 06 2017 01 0,56.655,75
Jun 07 2017 01 0,54.374,75
Jun 08 2017 01 0,53.226,52
Jun 09 2017 01 0,53.677,88
Jun 10 2017 01 0,52.733,74
Jun 11 2017 01 0,51.957,67
Jun 12 2017 01 0,53.187,60
Jun 13 2017 01 0,54.711,57
Jun 14 2017 01 0,52.685,68
Jun 15 2017 01 0,55.735,50
Jun 16 2017 01 0,54.132,78
Jun 17 2017 01 0,55.326,60
Jun 18 2017 01 0,56.806,63
Jun 19 2017 01 0,60.226,57
Jun 20 2017 01 0,55.597,52
Jun 21 2017 01 0,52.326,63
Jun 22 2017 01 0,52.761,73
Jun 23 2017 01 0,44.394,109
Jun 24 2017 01 0,45.61,93
Jun 25 2017 01 0,46.172,75
Jun 26 2017 01 0,45.847,82
Jun 27 2017 01 0,48.739,79
Jun 28 2017 01 0,52.148,68
Jun 29 2017 01 0,51.251,72
Jun 30 2017 01 0,52.92,83
Jul 01 2017 01 0,51.779,80
Jul 02 2017 01 0,52.128,77
Jul 03 2017 01 0,51.774,82
Jul 04 2017 01 0,51.521,71
Jul 05 2017 01 0,53.089,67
Jul 06 2017 01 0,55.192,59
Jul 07 2017 01 0,55.159,72
Jul 08 2017 01 0,56.778,68
Jul 09 2017 01 0,54.982,67
Jul 10 2017 01 0,56.017,77
Jul 11 2017 01 0,57.69,65
Jul 12 2017 01 0,56.294,53
Jul 13 2017 01 0,56.023,51
Jul 14 2017 01 0,56.57,50
Jul 15 2017 01 0,57.413,57
Jul 16 2017 01 0,59.133,51
Jul 17 2017 01 0,61.364,60
Jul 18 2017 01 0,60.513,68
Jul 19 2017 01 0,60.071,63
Jul 20 2017 01 0,60.573,65
Jul 21 2017 01 0,60.581,53
Jul 22 2017 01 0,60.355,58
Jul 23 2017 01 0,59.562,81
Jul 24 2017 01 0,65.385,74
Jul 25 2017 01 0,62.957,55
Jul 26 2017 01 0,63.58,56
Jul 27 2017 01 0,64.017,73
Jul 28 2017 01 0,64.894,68
Jul 29 2017 01 0,66.698,63
Jul 30 2017 01 0,65.339,72
Jul 31 2017 01 0,68.506,47
Aug 01 2017 01 0,72.566,53
Aug 02 2017 01 0,64.713,68
Aug 03 2017 01 0,65.278,72
Aug 04 2017 01 0,66.33,74
Aug 05 2017 01 0,66.1,60
Aug 06 2017 01 0,65.147,63
Aug 07 2017 01 0,62.433,78
Aug 08 2017 01 0,62.101,58
Aug 09 2017 01 0,65.187,63
Aug 10 2017 01 0,64.067,50
Aug 11 2017 01 0,65.672,63
Aug 12 2017 01 0,67.717,60
Aug 13 2017 01 0,66.174,66
Aug 14 2017 01 0,65.023,47
Aug 15 2017 01 0,64.379,63
Aug 16 2017 01 0,65.139,63
Aug 17 2017 01 0,66.444,65
Aug 18 2017 01 0,63.544,53
Aug 19 2017 01 0,62.41,54
Aug 20 2017 01 0,63.774,67
Aug 21 2017 01 0,62.112,62
Aug 22 2017 01 0,59.355,55
Aug 23 2017 01 0,59.616,54
Aug 24 2017 01 0,61.82,53
Aug 25 2017 01 0,61.514,76
Aug 26 2017 01 0,61.844,50
Aug 27 2017 01 0,59.641,62
Aug 28 2017 01 0,59.035,55
Aug 29 2017 01 0,60.621,65
Aug 30 2017 01 0,62.663,45
Aug 31 2017 01 0,63.114,63
Sep 01 2017 01 0,59.873,70
Sep 02 2017 01 0,62.492,63
Sep 03 2017 01 0,64.028,68
Sep 04 2017 01 0,66.756,66
Sep 05 2017 01 0,63.687,62
Sep 06 2017 01 0,65.875,47
Sep 07 2017 01 0,65.69,55
Sep 08 2017 01 0,67.486,61
Sep 09 2017 01 0,65.606,63
Sep 10 2017 01 0,65.466,56
Sep 11 2017 01 0,66.267,48
Sep 12 2017 01 0,66.397,37
Sep 13 2017 01 0,67.462,37
Sep 14 2017 01 0,66.617,45
Sep 15 2017 01 0,66.266,58
Sep 16 2017 01 0,65.796,64
Sep 17 2017 01 0,66.283,57
Sep 18 2017 01 0,62.609,35
Sep 19 2017 01 0,66.307,38
Sep 20 2017 01 0,64.7,38
Sep 21 2017 01 0,63.284,62
Sep 22 2017 01 0,60.416,49
Sep 23 2017 01 0,59.772,59
Sep 24 2017 01 0,59.781,56
Sep 25 2017 01 0,62.4,50
Sep 26 2017 01 0,63.691,40
Sep 27 2017 01 0,61.128,61
Sep 28 2017 01 0,60.415,41
Sep 29 2017 01 0,59.653,59
Sep 30 2017 01 0,61.426,56
Oct 01 2017 01 0,58.987,44
Oct 02 2017 01 0,63.235,69
Oct 03 2017 01 0,60.824,62
Oct 04 2017 01 0,60.803,40
Oct 05 2017 01 0,58.064,43
Oct 06 2017 01 0,61.324,47
Oct 07 2017 01 0,60.562,58
Oct 08 2017 01 0,59.612,41
Oct 09 2017 01 0,59.157,55
Oct 10 2017 01 0,59.908,64
Oct 11 2017 01 0,60.083,48
Oct 12 2017 01 0,60.323,39
Oct 13 2017 01 0,63.46,47
Oct 14 2017 01 0,65.172,52
Oct 15 2017 01 0,63.591,56
Oct 16 2017 01 0,61.171,53
Oct 17 2017 01 0,63.245,49
Oct 18 2017 01 0,63.32,33
Oct 19 2017 01 0,61.048,46
Oct 20 2017 01 0,61.179,47
Oct 21 2017 01 0,64.351,56
Oct 22 2017 01 0,60.338,51
Oct 23 2017 01 0,61.044,48
Oct 24 2017 01 0,60.567,49
Oct 25 2017 01 0,60.785,55
Oct 26 2017 01 0,60.523,55
Oct 27 2017 01 0,56.174,56
Oct 28 2017 01 0,55.936,61
Oct 29 2017 01 0,57.852,58
Oct 30 2017 01 0,58.169,51
Oct 31 2017 01 0,56.646,39
Nov 01 2017 01 0,56.517,52
Nov 02 2017 01 0,57.312,52
Nov 03 2017 01 0,58.699,49
Nov 04 2017 01 0,57.604,49
Nov 05 2017 01 0,57.34,50
Nov 06 2017 01 0,59.488,36
Nov 07 2017 01 0,60.191,47
Nov 08 2017 01 0,55.116,49
Nov 09 2017 01 0,53.714,42
Nov 10 2017 01 0,55.479,56
Nov 11 2017 01 0,56.286,56
Nov 12 2017 01 0,55.307,60
Nov 13 2017 01 0,54.552,44
Nov 14 2017 01 0,55.674,41
Nov 15 2017 01 0,55.372,40
Nov 16 2017 01 0,55.507,44
Nov 17 2017 01 0,54.763,51
Nov 18 2017 01 0,54.661,72
Nov 19 2017 01 0,54.316,63
Nov 20 2017 01 0,54.88,62
Nov 21 2017 01 0,54.052,49
Nov 22 2017 01 0,53.103,42
Nov 23 2017 01 0,48.952,56
Nov 24 2017 01 0,49.145,79
Nov 25 2017 01 0,48.298,61
Nov 26 2017 01 0,48.483,62
Nov 27 2017 01 0,48.916,47
Nov 28 2017 01 0,48.408,46
Nov 29 2017 01 0,49.518,49
Nov 30 2017 01 0,51.06,41
Dec 01 2017 01 0,53.549,52
Dec 02 2017 01 0,54.434,49
Dec 03 2017 01 0,54.151,40
Dec 04 2017 01 0,53.388,44
Dec 05 2017 01 0,56.551,37
Dec 06 2017 01 0,57.784,58
Dec 07 2017 01 0,59.469,45
Dec 08 2017 01 0,56.442,57
Dec 09 2017 01 0,57.925,54
Dec 10 2017 01 0,59.794,42
Dec 11 2017 01 0,58.84,37
Dec 12 2017 01 0,60.981,39
Dec 13 2017 01 0,62.035,43
Dec 14 2017 01 0,60.764,32
Dec 15 2017 01 0,55.063,35
Dec 16 2017 01 0,57.025,49
Dec 17 2017 01 0,58.103,41
Dec 18 2017 01 0,60.362,43
Dec 19 2017 01 0,64.197,38
Dec 20 2017 01 0,59.518,42
Dec 21 2017 01 0,58.432,52
Dec 22 2017 01 0,54.384,84
Dec 23 2017 01 0,54.096,67
Dec 24 2017 01 0,60.924,78
Dec 25 2017 01 0,68.422,89
Dec 26 2017 01 0,68.452,79
Dec 27 2017 01 0,69.397,76
Dec 28 2017 01 0,68.895,70
Dec 29 2017 01 0,66.294,53
Dec 30 2017 01 0,69.397,64
Dec 31 2017 01 0,68.135,50
Jan 01 2018 01 0,68.455,62
Jan 02 2018 01 0,67.429,72
Jan 03 2018 01 0,65.734,59
Jan 04 2018 01 0,66.693,49
Jan 05 2018 01 0,68.926,50
Jan 06 2018 01 0,69.233,54
Jan 07 2018 01 0,69.466,32
Jan 08 2018 01 0,68.223,57
Jan 09 2018 01 0,68.636,45
Jan 10 2018 01 0,68.226,56
Jan 11 2018 01 0,67.713,51
Jan 12 2018 01 0,69.288,68
Jan 13 2018 01 0,68.626,68
Jan 14 2018 01 0,69.326,58
Jan 15 2018 01 0,69.041,50
Jan 16 2018 01 0,73.798,58
Jan 17 2018 01 0,71.072,54
Jan 18 2018 01 0,69.491,51
Jan 19 2018 01 0,69.693,62
Jan 20 2018 01 0,70.836,62
Jan 21 2018 01 0,72.946,51
Jan 22 2018 01 0,71.883,53
Jan 23 2018 01 0,75.965,43
Jan 24 2018 01 0,74.253,48
Jan 25 2018 01 0,72.134,39
Jan 26 2018 01 0,75.574,52
Jan 27 2018 01 0,70.087,56
Jan 28 2018 01 0,69.71,68
Jan 29 2018 01 0,70.57,59
Jan 30 2018 01 0,72.392,48
Jan 31 2018 01 0,71.841,55
Feb 01 2018 01 0,73.972,53
Feb 02 2018 01 0,74.604,61
Feb 03 2018 01 0,72.111,46
Feb 04 2018 01 0,75.559,55
Feb 05 2018 01 0,69.607,42
Feb 06 2018 01 0,71.998,48
Feb 07 2018 01 0,72.592,40
Feb 08 2018 01 0,74.697,45
Feb 09 2018 01 0,73.587,42
Feb 10 2018 01 0,72.578,50
Feb 11 2018 01 0,71.342,38
Feb 12 2018 01 0,68.294,56
Feb 13 2018 01 0,74.465,44
Feb 14 2018 01 0,89.346,32
Feb 15 2018 01 0,71.015,36
Feb 16 2018 01 0,70.559,68
Feb 17 2018 01 0,71.585,54
Feb 18 2018 01 0,70.374,56
Feb 19 2018 01 0,68.286,53
Feb 20 2018 01 0,72.369,50
Feb 21 2018 01 0,82.944,46
Feb 22 2018 01 0,72.251,67
Feb 23 2018 01 0,75.357,47
Feb 24 2018 01 0,75.045,38
Feb 25 2018 01 0,74.437,51
Feb 26 2018 01 0,72.753,44
Feb 27 2018 01 0,75.999,50
Feb 28 2018 01 0,71.037,43
Mar 01 2018 01 0,71.096,43
Mar 02 2018 01 0,70.153,59
Mar 03 2018 01 0,69.291,53
Mar 04 2018 01 0,71.938,46
Mar 05 2018 01 0,70.855,52
Mar 06 2018 01 0,71.389,40
Mar 07 2018 01 0,72.092,32
Mar 08 2018 01 0,71.563,41
Mar 09 2018 01 0,70.769,47
Mar 10 2018 01 0,73.734,39
Mar 11 2018 01 0,75.516,36
Mar 12 2018 01 0,82.009,37
Mar 13 2018 01 0,72.289,48
Mar 14 2018 01 0,71.199,35
Mar 15 2018 01 0,71.066,43
Mar 16 2018 01 0,73.629,40
Mar 17 2018 01 0,71.622,45
Mar 18 2018 01 0,68.568,44
Mar 19 2018 01 0,72.905,41
Mar 20 2018 01 0,125.702,41
Mar 21 2018 01 0,75.255,29
Mar 22 2018 01 0,71.227,33
Mar 23 2018 01 0,67.464,52
Mar 24 2018 01 0,72.062,41
Mar 25 2018 01 0,67.234,46
Mar 26 2018 01 0,68.926,31
Mar 27 2018 01 0,70.094,48
Mar 28 2018 01 0,70.82,48
Mar 29 2018 01 0,70.454,42
Mar 30 2018 01 0,61.241,53
Mar 31 2018 01 0,62.792,58
Apr 01 2018 01 0,61.926,53
Apr 02 2018 01 0,60.714,48
Apr 03 2018 01 0,62.289,38
Apr 04 2018 01 0,61.688,64
Apr 05 2018 01 0,65.691,47
Apr 06 2018 01 0,65.29,40
Apr 07 2018 01 0,62.784,46
Apr 08 2018 01 0,63.624,41
Apr 09 2018 01 0,63.73,35
Apr 10 2018 01 0,63.431,35
Apr 11 2018 01 0,61.124,36
Apr 12 2018 01 0,63.226,32
Apr 13 2018 01 0,62.416,32
Apr 14 2018 01 0,62.416,50
Apr 15 2018 01 0,78.001,33
Apr 16 2018 01 0,64.972,38
Apr 17 2018 01 0,62.143,32
Apr 18 2018 01 0,61.47,35
Apr 19 2018 01 0,62.91,31
Apr 20 2018 01 0,62.325,51
Apr 21 2018 01 0,63.575,43
Apr 22 2018 01 0,62.691,35
Apr 23 2018 01 0,64.868,34
Apr 24 2018 01 0,64.195,31
Apr 25 2018 01 0,61.48,31
Apr 26 2018 01 0,62.603,36
Apr 27 2018 01 0,62.249,30
Apr 28 2018 01 0,59.429,48
Apr 29 2018 01 0,66.585,41
Apr 30 2018 01 0,62.263,40
May 01 2018 01 0,64.323,30
May 02 2018 01 0,63.859,32
May 03 2018 01 0,63.256,26
May 04 2018 01 0,66.668,28
May 05 2018 01 0,63.344,29
May 06 2018 01 0,63.974,27
May 07 2018 01 0,64.462,27
May 08 2018 01 0,63.18,34
May 09 2018 01 0,60.904,32
May 10 2018 01 0,61.131,32
May 11 2018 01 0,63.457,36
May 12 2018 01 0,61.528,39
May 13 2018 01 0,62.795,27
May 14 2018 01 0,60.198,30
May 15 2018 01 0,60.417,32
May 16 2018 01 0,56.594,26
May 17 2018 01 0,59.888,34
May 18 2018 01 0,61.63,36
May 19 2018 01 0,57.515,48
May 20 2018 01 0,57.617,31
May 21 2018 01 0,60.603,34
May 22 2018 01 0,59.512,25
May 23 2018 01 0,56.991,33
May 24 2018 01 0,57.008,29
May 25 2018 01 0,57.197,35
May 26 2018 01 0,55.412,36
May 27 2018 01 0,56.017,35
May 28 2018 01 0,58.323,28
May 29 2018 01 0,56.334,24
May 30 2018 01 0,57.909,28
May 31 2018 01 0,55.034,35
Jun 01 2018 01 0,57.312,34
Jun 02 2018 01 0,59.814,42
Jun 03 2018 01 0,59.075,37
Jun 04 2018 01 0,58.163,37
Jun 05 2018 01 0,55.348,35
Jun 06 2018 01 0,57.596,32
Jun 07 2018 01 0,53.336,33
Jun 08 2018 01 0,55.509,35
Jun 09 2018 01 0,54.257,47
Jun 10 2018 01 0,54.93,31
Jun 11 2018 01 0,54.079,43
Jun 12 2018 01 0,53.676,32
Jun 13 2018 01 0,50.874,37
Jun 14 2018 01 0,52.836,35
Jun 15 2018 01 0,49.555,42
Jun 16 2018 01 0,51.149,43
Jun 17 2018 01 0,53.364,32
Jun 18 2018 01 0,50.598,30
Jun 19 2018 01 0,51.601,35
Jun 20 2018 01 0,50.041,49
Jun 21 2018 01 0,49.035,35
Jun 22 2018 01 0,47.26,44
Jun 23 2018 01 0,46.53,50
Jun 24 2018 01 0,46.13,46
Jun 25 2018 01 0,46.331,59
Jun 26 2018 01 0,45.912,39
Jun 27 2018 01 0,47.117,48
Jun 28 2018 01 0,48.737,33
Jun 29 2018 01 0,46.944,46
Jun 30 2018 01 0,48.558,40
Jul 01 2018 01 0,48.223,36
Jul 02 2018 01 0,46.414,41
Jul 03 2018 01 0,50.244,36
Jul 04 2018 01 0,51.271,43
Jul 05 2018 01 0,48.441,41
Jul 06 2018 01 0,53.109,44
Jul 07 2018 01 0,53.882,38
Jul 08 2018 01 0,56.094,29
Jul 09 2018 01 0,55.69,25
Jul 10 2018 01 0,57.454,33
Jul 11 2018 01 0,56.108,33
Jul 12 2018 01 0,61.248,26
Jul 13 2018 01 0,64.019,37
Jul 14 2018 01 0,64.48,38
Jul 15 2018 01 0,56.937,37
Jul 16 2018 01 0,57.357,37
Jul 17 2018 01 0,58.028,37
Jul 18 2018 01 0,57.015,39
Jul 19 2018 01 0,59.895,29
Jul 20 2018 01 0,60.606,32
Jul 21 2018 01 0,60.925,29
Jul 22 2018 01 0,56.432,36
Jul 23 2018 01 0,55.658,31
Jul 24 2018 01 0,59.182,23
Jul 25 2018 01 0,60.626,31
Jul 26 2018 01 0,58.398,33
Jul 27 2018 01 0,58.637,25
Jul 28 2018 01 0,59.839,35
Jul 29 2018 01 0,64.619,35
Jul 30 2018 01 0,63.17,35
Jul 31 2018 01 0,72.365,31
Aug 01 2018 01 0,67.809,29
Aug 02 2018 01 0,61.679,34
Aug 03 2018 01 0,65.802,38
Aug 04 2018 01 0,64.242,33
Aug 05 2018 01 0,63.699,33
Aug 06 2018 01 0,63.555,43
Aug 07 2018 01 0,60.238,33
Aug 08 2018 01 0,63.665,33
Aug 09 2018 01 0,66.083,71
Aug 10 2018 01 0,64.048,38
Aug 11 2018 01 0,61.693,44
Aug 12 2018 01 0,61.848,37
Aug 13 2018 01 0,61.18,36
Aug 14 2018 01 0,61.772,29
Aug 15 2018 01 0,58.393,36
Aug 16 2018 01 0,60.5,29
Aug 17 2018 01 0,57.23,32
Aug 18 2018 01 0,60.036,37
Aug 19 2018 01 0,58.962,30
Aug 20 2018 01 0,60.76,42
Aug 21 2018 01 0,61.13,48
Aug 22 2018 01 0,60.821,36
Aug 23 2018 01 0,61.318,39
Aug 24 2018 01 0,62.044,38
Aug 25 2018 01 0,62.727,44
Aug 26 2018 01 0,60.814,43
Aug 27 2018 01 0,63.675,37
Aug 28 2018 01 0,63.092,37
Aug 29 2018 01 0,64.378,38
Aug 30 2018 01 0,62.06,41
Aug 31 2018 01 0,61.265,40
Sep 01 2018 01 0,58.763,39
Sep 02 2018 01 0,64.787,42
Sep 03 2018 01 0,62.95,37
Sep 04 2018 01 0,61.923,34
Sep 05 2018 01 0,61.489,41
Sep 06 2018 01 0,63.111,44
Sep 07 2018 01 0,63.156,42
Sep 08 2018 01 0,64.51,46
Sep 09 2018 01 0,64.719,45
Sep 10 2018 01 0,65.229,38
Sep 11 2018 01 0,60.077,34
Sep 12 2018 01 0,66.204,39
Sep 13 2018 01 0,66.288,44
Sep 14 2018 01 0,68.815,48
Sep 15 2018 01 0,69.436,39
Sep 16 2018 01 0,66.611,47
Sep 17 2018 01 0,66.586,43
Sep 18 2018 01 0,67.564,31
Sep 19 2018 01 0,68.462,32
Sep 20 2018 01 0,67.307,33
Sep 21 2018 01 0,69.952,36
Sep 22 2018 01 0,75.026,55
Sep 23 2018 01 0,70.023,47
Sep 24 2018 01 0,75.39,41
Sep 25 2018 01 0,78.171,30
Sep 26 2018 01 0,75.745,36
Sep 27 2018 01 0,74.724,27
Sep 28 2018 01 0,75.196,34
Sep 29 2018 01 0,74.413,42
Sep 30 2018 01 0,75.636,42
Oct 01 2018 01 0,133.343,37
Oct 02 2018 01 0,77.001,31
Oct 03 2018 01 0,78.224,25
Oct 04 2018 01 0,76.065,29
Oct 05 2018 01 0,75.482,37
Oct 06 2018 01 0,78.099,34
Oct 07 2018 01 0,77.341,32
Oct 08 2018 01 0,78.827,26
Oct 09 2018 01 0,73.081,29
Oct 10 2018 01 0,74.933,29
Oct 11 2018 01 0,74.572,34
Oct 12 2018 01 0,81.38,30
Oct 13 2018 01 0,78.735,33
Oct 14 2018 01 0,76.415,25
Oct 15 2018 01 0,80.625,23
Oct 16 2018 01 0,89.514,23
Oct 17 2018 01 0,81.555,26
Oct 18 2018 01 0,80.89,21
Oct 19 2018 01 0,76.718,21
Oct 20 2018 01 0,80.159,29
Oct 21 2018 01 0,78.15,23
Oct 22 2018 01 0,78.461,29
Oct 23 2018 01 0,74.705,21
Oct 24 2018 01 0,72.7,31
Oct 25 2018 01 0,72.756,18
Oct 26 2018 01 0,69.931,37
Oct 27 2018 01 0,73.137,24
Oct 28 2018 01 0,72.326,34
Oct 29 2018 01 0,75.49,34
Oct 30 2018 01 0,71.764,26
Oct 31 2018 01 0,73.487,26
Nov 01 2018 01 0,70.053,28
Nov 02 2018 01 0,75.866,29
Nov 03 2018 01 0,73.16,27
Nov 04 2018 01 0,84.054,23
Nov 05 2018 01 0,74.49,33
Nov 06 2018 01 0,75.442,28
Nov 07 2018 01 0,76.911,24
Nov 08 2018 01 0,90.198,22
Nov 09 2018 01 0,71.942,26
Nov 10 2018 01 0,74.673,39
Nov 11 2018 01 0,72.418,28
Nov 12 2018 01 0,73.205,23
Nov 13 2018 01 0,73.186,29
Nov 14 2018 01 0,76.465,19
Nov 15 2018 01 0,80.644,18
Nov 16 2018 01 0,75.793,32
Nov 17 2018 01 0,77.122,30
Nov 18 2018 01 0,70.974,18
Nov 19 2018 01 0,75.202,25
Nov 20 2018 01 0,74.647,21
Nov 21 2018 01 0,77.169,35
Nov 22 2018 01 0,68.467,36
Nov 23 2018 01 0,67.534,38
Nov 24 2018 01 0,70.474,29
Nov 25 2018 01 0,68.171,28
Nov 26 2018 01 0,67.249,34
Nov 27 2018 01 0,67.415,31
Nov 28 2018 01 0,68.121,24
Nov 29 2018 01 0,69.403,25
Nov 30 2018 01 0,68.81,23
Dec 01 2018 01 0,70.542,35
Dec 02 2018 01 0,73.548,34
Dec 03 2018 01 0,75.142,18
Dec 04 2018 01 0,73.34,24
Dec 05 2018 01 0,72.325,32
Dec 06 2018 01 0,75.483,26
Dec 07 2018 01 0,69.827,40
Dec 08 2018 01 0,71.875,38
Dec 09 2018 01 0,72.722,36
Dec 10 2018 01 0,74.147,35
Dec 11 2018 01 0,74.629,26
Dec 12 2018 01 0,73.368,41
Dec 13 2018 01 0,74.387,31
Dec 14 2018 01 0,74.32,30
Dec 15 2018 01 0,77.853,42
Dec 16 2018 01 0,69.738,40
Dec 17 2018 01 0,71.676,44
Dec 18 2018 01 0,77.081,26
Dec 19 2018 01 0,71.125,28
Dec 20 2018 01 0,70.94,29
Dec 21 2018 01 0,70.197,40
Dec 22 2018 01 0,69.244,38
Dec 23 2018 01 0,70.283,40
Dec 24 2018 01 0,70.99,57
Dec 25 2018 01 0,77.611,64
Dec 26 2018 01 0,80.412,48
Dec 27 2018 01 0,80.815,45
Dec 28 2018 01 0,85.714,43
Dec 29 2018 01 0,80.153,42
Dec 30 2018 01 0,71.805,61
Dec 31 2018 01 0,73.782,58
Jan 01 2019 01 0,75.893,46
Jan 02 2019 01 0,78.632,43
Jan 03 2019 01 0,79.341,51
Jan 04 2019 01 0,74.559,50
Jan 05 2019 01 0,78.458,49
Jan 06 2019 01 0,76.094,41
Jan 07 2019 01 0,75.543,56
Jan 08 2019 01 0,77.712,66
Jan 09 2019 01 0,78.184,47
Jan 10 2019 01 0,76.547,34
Jan 11 2019 01 0,79.515,47
Jan 12 2019 01 0,81.114,51
Jan 13 2019 01 0,78.136,44
Jan 14 2019 01 0,79.902,31
Jan 15 2019 01 0,81.305,39
Jan 16 2019 01 0,80.38,37
Jan 17 2019 01 0,82.563,38
Jan 18 2019 01 0,80.566,37
Jan 19 2019 01 0,81.692,48
Jan 20 2019 01 0,79.697,38
Jan 21 2019 01 0,81.771,46
Jan 22 2019 01 0,81.819,36
Jan 23 2019 01 0,80.154,40
Jan 24 2019 01 0,84.243,32
Jan 25 2019 01 0,84.19,42
Jan 26 2019 01 0,82.89,35
Jan 27 2019 01 0,81.553,48
Jan 28 2019 01 0,81.194,42
Jan 29 2019 01 0,81.692,29
Jan 30 2019 01 0,79.711,35
Jan 31 2019 01 0,86.305,35
Feb 01 2019 01 0,86.006,41
Feb 02 2019 01 0,82.784,45
Feb 03 2019 01 0,82.676,39
Feb 04 2019 01 0,82.321,40
Feb 05 2019 01 0,78.462,56
Feb 06 2019 01 0,77.293,33
Feb 07 2019 01 0,77.378,45
Feb 08 2019 01 0,75.733,60
Feb 09 2019 01 0,78.445,41
Feb 10 2019 01 0,71.908,52
Feb 11 2019 01 0,85.172,41
Feb 12 2019 01 0,76.533,34
Feb 13 2019 01 0,77.778,37
Feb 14 2019 01 0,80.076,37
Feb 15 2019 01 0,77.735,50
Feb 16 2019 01 0,79.651,47
Feb 17 2019 01 0,79.108,44
Feb 18 2019 01 0,81.314,36
Feb 19 2019 01 0,80.285,32
Feb 20 2019 01 0,79.945,32
Feb 21 2019 01 0,78.619,29
Feb 22 2019 01 0,83.812,47
Feb 23 2019 01 0,83.055,67
Feb 24 2019 01 0,88.235,35
Feb 25 2019 01 0,85.603,34
Feb 26 2019 01 0,76.922,33
Feb 27 2019 01 0,80.48,34
Feb 28 2019 01 0,79.573,33
Mar 01 2019 01 0,82.146,39
Mar 02 2019 01 0,84.334,57
Mar 03 2019 01 0,80.964,54
Mar 04 2019 01 0,83.877,54
Mar 05 2019 01 0,82.105,36
Mar 06 2019 01 0,83.117,43
Mar 07 2019 01 0,86.181,29
Mar 08 2019 01 0,86.291,56
Mar 09 2019 01 0,144.168,32
Mar 10 2019 01 0,85.713,35
Mar 11 2019 01 0,85.905,38
Mar 12 2019 01 0,91.412,32
Mar 13 2019 01 0,87.45,26
Mar 14 2019 01 0,88.193,50
Mar 15 2019 01 0,96.251,50
Mar 16 2019 01 0,85.588,56
Mar 17 2019 01 0,83.628,57
Mar 18 2019 01 0,86.553,48
Mar 19 2019 01 0,84.572,40
Mar 20 2019 01 0,84.025,42
Mar 21 2019 01 0,84.538,41
Mar 22 2019 01 0,82.698,54
Mar 23 2019 01 0,83.695,46
Mar 24 2019 01 0,79.948,51
Mar 25 2019 01 0,77.812,48
Mar 26 2019 01 0,84.472,30
Mar 27 2019 01 0,75.472,37
Mar 28 2019 01 0,77.484,31
Mar 29 2019 01 0,78.58,42
Mar 30 2019 01 0,79.171,43
Mar 31 2019 01 0,75.101,49
Apr 01 2019 01 0,73.223,49
Apr 02 2019 01 0,73.379,59
Apr 03 2019 01 0,75.052,41
Apr 04 2019 01 0,77.12,31
Apr 05 2019 01 0,77.716,40
Apr 06 2019 01 0,80.909,40
Apr 07 2019 01 0,75.236,45
Apr 08 2019 01 0,78.477,41
Apr 09 2019 01 0,75.884,45
Apr 10 2019 01 0,76.064,33
Apr 11 2019 01 0,79.661,46
Apr 12 2019 01 0,80.258,47
Apr 13 2019 01 0,80.81,39
Apr 14 2019 01 0,79.246,27
Apr 15 2019 01 0,76.328,44
Apr 16 2019 01 0,75.327,38
Apr 17 2019 01 0,80.438,35
Apr 18 2019 01 0,81.221,41
Apr 19 2019 01 0,80.467,34
Apr 20 2019 01 0,79.122,30
Apr 21 2019 01 0,77.745,39
Apr 22 2019 01 0,82.292,40
Apr 23 2019 01 0,78.443,37
Apr 24 2019 01 0,77.913,40
Apr 25 2019 01 0,83.357,38
Apr 26 2019 01 0,80.908,44
Apr 27 2019 01 0,77.555,43
Apr 28 2019 01 0,80.102,35
Apr 29 2019 01 0,77.396,29
Apr 30 2019 01 0,75.22,35
May 01 2019 01 0,79.206,30
May 02 2019 01 0,82.304,34
May 03 2019 01 0,78.847,32
May 04 2019 01 0,73.458,48
May 05 2019 01 0,73.76,33
May 06 2019 01 0,74.226,34
May 07 2019 01 0,75.459,40
May 08 2019 01 0,70.995,40
May 09 2019 01 0,71.883,34
May 10 2019 01 0,74.36,45
May 11 2019 01 0,74.419,42
May 12 2019 01 0,74.842,33
May 13 2019 01 0,74.502,38
May 14 2019 01 0,76.404,33
May 15 2019 01 0,72.596,42
May 16 2019 01 0,76.781,28
May 17 2019 01 0,72.342,39
May 18 2019 01 0,75.006,40
May 19 2019 01 0,78.317,35
May 20 2019 01 0,75.455,29
May 21 2019 01 0,73.198,43
May 22 2019 01 0,79.413,29
May 23 2019 01 0,78.657,28
May 24 2019 01 0,82.12,30
May 25 2019 01 0,78.633,29
May 26 2019 01 0,79.641,35
May 27 2019 01 0,75.896,43
May 28 2019 01 0,74.946,35
May 29 2019 01 0,77.889,39
May 30 2019 01 0,79.668,25
May 31 2019 01 0,75.969,31
Jun 01 2019 01 0,80.54,31
Jun 02 2019 01 0,79.111,48
Jun 03 2019 01 0,79.647,36
Jun 04 2019 01 0,81.612,41
Jun 05 2019 01 0,80.157,37
Jun 06 2019 01 0,84.031,41
Jun 07 2019 01 0,80.908,38
Jun 08 2019 01 0,84.271,50
Jun 09 2019 01 0,87.275,39
Jun 10 2019 01 0,85.587,35
Jun 11 2019 01 0,83.712,43
Jun 12 2019 01 0,83.521,38
Jun 13 2019 01 0,82.512,33
Jun 14 2019 01 0,79.95,30
Jun 15 2019 01 0,81.32,49
Jun 16 2019 01 0,81.285,46
Jun 17 2019 01 0,83.835,41
Jun 18 2019 01 0,82.918,36
Jun 19 2019 01 0,83.16,31
Jun 20 2019 01 0,80.344,36
Jun 21 2019 01 0,84.456,40
Jun 22 2019 01 0,80.299,34
Jun 23 2019 01 0,80.863,29
Jun 24 2019 01 0,82.219,34
Jun 25 2019 01 0,79.719,31
Jun 26 2019 01 0,75.27,58
Jun 27 2019 01 0,75.416,38
Jun 28 2019 01 0,78.697,39
Jun 29 2019 01 0,76.152,36
Jun 30 2019 01 0,77.387,36
Jul 01 2019 01 0,76.518,37
Jul 02 2019 01 0,78.525,28
Jul 03 2019 01 0,73.131,37
Jul 04 2019 01 0,79.208,37
Jul 05 2019 01 0,79.07,34
Jul 06 2019 01 0,74.997,34
Jul 07 2019 01 0,79.763,34
Jul 08 2019 01 0,78.544,37
Jul 09 2019 01 0,79.194,32
Jul 10 2019 01 0,84.354,29
Jul 11 2019 01 0,85.098,33
Jul 12 2019 01 0,81.493,32
Jul 13 2019 01 0,87.463,41
Jul 14 2019 01 0,89.366,31
Jul 15 2019 01 0,85.247,42
Jul 16 2019 01 0,86.996,19
Jul 17 2019 01 0,85.244,31
Jul 18 2019 01 0,87.429,33
Jul 19 2019 01 0,82.389,39
Jul 20 2019 01 0,83.585,40
Jul 21 2019 01 0,85.734,30
Jul 22 2019 01 0,89.471,36
Jul 23 2019 01 0,86.175,31
Jul 24 2019 01 0,87.871,34
Jul 25 2019 01 0,87.536,31
Jul 26 2019 01 0,86.156,41
Jul 27 2019 01 0,85.311,38
Jul 28 2019 01 0,93.124,36
Jul 29 2019 01 0,89.83,36
Jul 30 2019 01 0,85.6,28
Jul 31 2019 01 0,86.819,37
Aug 01 2019 01 0,88.887,37
Aug 02 2019 01 0,90.26,31
Aug 03 2019 01 0,89.046,32
Aug 04 2019 01 0,86.191,33
Aug 05 2019 01 0,88.272,33
Aug 06 2019 01 0,91.528,29
Aug 07 2019 01 0,89.129,33
Aug 08 2019 01 0,89.215,36
Aug 09 2019 01 0,88.571,33
Aug 10 2019 01 0,93.136,39
Aug 11 2019 01 0,94.473,35
Aug 12 2019 01 0,98.01,20
Aug 13 2019 01 0,98.909,29
Aug 14 2019 01 0,98.59,50
Aug 15 2019 01 0,88.246,38
Aug 16 2019 01 0,88.162,39
Aug 17 2019 01 0,90.061,35
Aug 18 2019 01 0,96.923,42
Aug 19 2019 01 0,91.931,33
Aug 20 2019 01 0,88.549,32
Aug 21 2019 01 0,89.022,33
Aug 22 2019 01 0,89.048,31
Aug 23 2019 01 0,85.949,35
Aug 24 2019 01 0,89.312,32
Aug 25 2019 01 0,89.487,37
Aug 26 2019 01 0,91.491,38
Aug 27 2019 01 0,90.303,34
Aug 28 2019 01 0,92.106,37
Aug 29 2019 01 0,88.582,33
Aug 30 2019 01 0,102.876,40
Aug 31 2019 01 0,95.31,40
Sep 01 2019 01 0,92.621,40
Sep 02 2019 01 0,92.519,41
Sep 03 2019 01 0,91.801,31
Sep 04 2019 01 0,96.171,29
Sep 05 2019 01 0,93.982,30
Sep 06 2019 01 0,106.505,42
Sep 07 2019 01 0,100.985,39
Sep 08 2019 01 0,95.68,49
Sep 09 2019 01 0,92.973,47
Sep 10 2019 01 0,93.752,44
Sep 11 2019 01 0,101.01,42
Sep 12 2019 01 0,101.454,37
Sep 13 2019 01 0,101.26,38
Sep 14 2019 01 0,101.642,50
Sep 15 2019 01 0,103.041,45
Sep 16 2019 01 0,100.364,45
Sep 17 2019 01 0,101.702,38
Sep 18 2019 01 0,100.052,30
Sep 19 2019 01 0,104.096,24
Sep 20 2019 01 0,101.812,30
Sep 21 2019 01 0,104.583,46
Sep 22 2019 01 0,103.333,44
Sep 23 2019 01 0,104.489,31
Sep 24 2019 01 0,99.531,28
Sep 25 2019 01 0,101.722,31
Sep 26 2019 01 0,102.919,40
Sep 27 2019 01 0,102.052,31
Sep 28 2019 01 0,101.262,40
Sep 29 2019 01 0,100.878,52
Sep 30 2019 01 0,102.697,32
Oct 01 2019 01 0,103.54,39
Oct 02 2019 01 0,106.06,31
Oct 03 2019 01 0,104.884,34
Oct 04 2019 01 0,106.108,30
Oct 05 2019 01 0,101.135,32
Oct 06 2019 01 0,103.21,39
Oct 07 2019 01 0,102.808,36
Oct 08 2019 01 0,100.035,38
Oct 09 2019 01 0,108.074,30
Oct 10 2019 01 0,108.658,27
Oct 11 2019 01 0,107.186,31
Oct 12 2019 01 0,105.432,35
Oct 13 2019 01 0,106.423,40
Oct 14 2019 01 0,106.484,30
Oct 15 2019 01 0,104.793,28
Oct 16 2019 01 0,107.59,33
Oct 17 2019 01 0,107.245,29
Oct 18 2019 01 0,105.618,38
Oct 19 2019 01 0,103.672,53
Oct 20 2019 01 0,104.45,54
Oct 21 2019 01 0,107.78,35
Oct 22 2019 01 0,102.74,37
Oct 23 2019 01 0,115.729,37
Oct 24 2019 01 0,105.625,35
Oct 25 2019 01 0,108.916,29
Oct 26 2019 01 0,101.898,33
Oct 27 2019 01 0,96.666,33
Oct 28 2019 01 0,98.577,30
Oct 29 2019 01 0,100.572,42
Oct 30 2019 01 0,97.398,31
Oct 31 2019 01 0,117.925,41
Nov 01 2019 01 0,99.409,45
Nov 02 2019 01 0,105.145,43
Nov 03 2019 01 0,102.72,38
Nov 04 2019 01 0,104.196,31
Nov 05 2019 01 0,103.388,24
Nov 06 2019 01 0,103.835,31
Nov 07 2019 01 0,103.781,23
Nov 08 2019 01 0,103.594,34
Nov 09 2019 01 0,101.667,43
Nov 10 2019 01 0,102.41,31
Nov 11 2019 01 0,103.506,30
Nov 12 2019 01 0,101.015,34
Nov 13 2019 01 0,101.713,47
Nov 14 2019 01 0,100.03,42
Nov 15 2019 01 0,104.553,31
Nov 16 2019 01 0,103.198,36
Nov 17 2019 01 0,103.498,39
Nov 18 2019 01 0,100.352,34
Nov 19 2019 01 0,80.013,142
Nov 20 2019 01 0,78.426,60
Nov 21 2019 01 0,80.961,46
Nov 22 2019 01 0,86.65,36
Nov 23 2019 01 0,88.954,37
Nov 24 2019 01 0,82.584,48
Nov 25 2019 01 0,80.897,32
Nov 26 2019 01 0,82.895,31
Nov 27 2019 01 0,83.167,39
Nov 28 2019 01 0,77.027,58
Nov 29 2019 01 0,97.616,39
Nov 30 2019 01 0,82.801,47
Dec 01 2019 01 0,88.139,45
Dec 02 2019 01 0,82.877,32
Dec 03 2019 01 0,83.432,49
Dec 04 2019 01 0,84.679,43
Dec 05 2019 01 0,87.479,39
Dec 06 2019 01 0,90.264,42
Dec 07 2019 01 0,89.125,46
Dec 08 2019 01 0,90.536,39
Dec 09 2019 01 0,93.146,33
Dec 10 2019 01 0,91.768,47
Dec 11 2019 01 0,89.967,33
Dec 12 2019 01 0,94.952,40
Dec 13 2019 01 0,89.303,47
Dec 14 2019 01 0,92.319,55
Dec 15 2019 01 0,93.779,50
Dec 16 2019 01 0,92.371,46
Dec 17 2019 01 0,89.638,33
Dec 18 2019 01 0,93.574,40
Dec 19 2019 01 0,91.938,42
Dec 20 2019 01 0,88.45,46
Dec 21 2019 01 0,91.645,59
Dec 22 2019 01 0,89.281,43
Dec 23 2019 01 0,93.243,48
Dec 24 2019 01 0,91.239,59
Dec 25 2019 01 0,95.336,65
Dec 26 2019 01 0,94.428,62
Dec 27 2019 01 0,97.161,51
Dec 28 2019 01 0,91.433,57
Dec 29 2019 01 0,94.896,43
Dec 30 2019 01 0,94.771,48
Dec 31 2019 01 0,95.394,55
Jan 01 2020 01 0,98.54,56
Jan 02 2020 01 0,98.461,73
Jan 03 2020 01 0,99.528,49
Jan 04 2020 01 0,97.905,51
Jan 05 2020 01 0,98.306,40
Jan 06 2020 01 0,101.655,46
Jan 07 2020 01 0,101.094,50
Jan 08 2020 01 0,98.569,41
Jan 09 2020 01 0,98.584,49
Jan 10 2020 01 0,98.043,36
Jan 11 2020 01 0,102.517,57
Jan 12 2020 01 0,100.456,42
Jan 13 2020 01 0,101.373,46
Jan 14 2020 01 0,100.612,58
Jan 15 2020 01 0,99.355,60
Jan 16 2020 01 0,107.538,51
Jan 17 2020 01 0,98.345,24
Jan 17 2020 15 0,102.66,4
Jan 17 2020 16 0,107.602,3
Jan 17 2020 17 0,107.279,4
Jan 17 2020 18 0,85.29,2
Jan 17 2020 19 0,105.031,2
Jan 17 2020 21 0,106.801,2
Jan 17 2020 22 0,105.706,5
Jan 17 2020 23 0,107.441,2
Jan 18 2020 00 0,103.444,2
Jan 18 2020 01 0,106.468,2
Jan 18 2020 04 0,108.665,2
Jan 18 2020 06 0,103.506,2
Jan 18 2020 07 0,105.789,1
Jan 18 2020 08 0,108.55,3
Jan 18 2020 09 0,109.065,4
Jan 18 2020 10 0,93.685,1
Jan 18 2020 11 0,105.97,1
Jan 18 2020 12 0,95.392,3
Jan 18 2020 13 0,97.953,1
Jan 18 2020 14 0,103.338,1
Jan 18 2020 15 0,98.588,2
Jan 18 2020 16 0,91.669,2
Jan 18 2020 17 0,104.52,2
Jan 18 2020 18 0,105.705,1
Jan 18 2020 19 0,102.216,6
Jan 18 2020 20 0,105.766,4
Jan 18 2020 21 0,97.036,3
Jan 18 2020 22 0,108.886,2
Jan 19 2020 00 0,110.36,1
Jan 19 2020 01 0,110.66,4
Jan 19 2020 02 0,106.217,1
Jan 19 2020 05 0,110.648,2
Jan 19 2020 09 0,108.768,1
Jan 19 2020 10 0,101.113,1
Jan 19 2020 11 0,102.212,5
Jan 19 2020 12 0,102.034,2
Jan 19 2020 13 0,97.336,6
Jan 19 2020 14 0,128.858,2
Jan 19 2020 15 0,109.975,2
Jan 19 2020 16 0,97.112,2
Jan 19 2020 17 0,103.794,3
Jan 19 2020 18 0,106.792,3
Jan 19 2020 19 0,106.839,4
Jan 19 2020 20 0,104.361,2
Jan 19 2020 21 0,106.307,1
Jan 19 2020 22 0,130.028,2
Jan 19 2020 23 0,108.498,1
Jan 20 2020 01 0,94.014,1
Jan 20 2020 04 0,96.477,1
Jan 20 2020 07 0,107.443,2
Jan 20 2020 09 0,104.893,2
Jan 20 2020 10 0,98.471,2
Jan 20 2020 11 0,96.533,3
Jan 20 2020 12 0,96.505,4
Jan 20 2020 13 0,103.456,7
Jan 20 2020 14 0,107.836,3
Jan 20 2020 15 0,107.762,4
Jan 20 2020 16 0,103.764,4
Jan 20 2020 18 0,104.469,5
Jan 20 2020 19 0,91.134,2
Jan 20 2020 20 0,99.967,3
Jan 20 2020 21 0,100.355,1
Jan 20 2020 22 0,92.931,3
Jan 20 2020 23 0,101.874,3
Jan 21 2020 00 0,103.992,1
Jan 21 2020 02 0,102.831,1
Jan 21 2020 03 0,92.582,1
Jan 21 2020 05 0,110.133,1
Jan 21 2020 06 0,102.359,2
Jan 21 2020 07 0,92.629,1
Jan 21 2020 09 0,103.84,1
Jan 21 2020 10 0,102.224,1
Jan 21 2020 11 0,103.827,4
Jan 21 2020 12 0,103.183,4
Jan 21 2020 13 0,103.225,3
Jan 21 2020 14 0,89.225,1
Jan 21 2020 15 0,92.092,3
Jan 21 2020 16 0,95.415,3
Jan 21 2020 17 0,93.111,1
Jan 21 2020 18 0,92.698,6
Jan 21 2020 20 0,102.521,4
Jan 21 2020 21 0,103.915,3
Jan 22 2020 05 0,101.403,1
Jan 22 2020 07 0,96.336,1
Jan 22 2020 08 0,104.889,1
Jan 22 2020 09 0,96.363,1
Jan 22 2020 10 0,152.786,1
Jan 22 2020 11 0,94.698,2
Jan 22 2020 12 0,90.386,1
Jan 22 2020 13 0,101.642,5
Jan 22 2020 14 0,99.937,6
Jan 22 2020 16 0,98.232,4
Jan 22 2020 17 0,99.15,1
Jan 22 2020 18 0,91.601,1
Jan 22 2020 19 0,93.559,2
Jan 22 2020 20 0,96.329,4
Jan 22 2020 21 0,99.237,2
Jan 22 2020 22 0,89.274,5
Jan 23 2020 00 0,89.282,1
Jan 23 2020 01 0,92.492,1
Jan 23 2020 02 0,92.888,2
Jan 23 2020 05 0,88.659,1
Jan 23 2020 06 0,91.972,2
Jan 23 2020 07 0,90.949,1
Jan 23 2020 08 0,98.519,2
Jan 23 2020 09 0,89.61,3
Jan 23 2020 11 0,98.212,1
Jan 23 2020 12 0,84.401,1
Jan 23 2020 13 0,93.325,2
Jan 23 2020 14 0,92.226,6
Jan 23 2020 15 0,94.854,4
Jan 23 2020 16 0,91.001,6
Jan 23 2020 17 0,90.836,3
Jan 23 2020 18 0,97.997,5
Jan 23 2020 19 0,92.467,3
Jan 23 2020 20 0,98.2,8
Jan 23 2020 21 0,90.728,2
Jan 23 2020 22 0,100.488,1
Jan 24 2020 00 0,96.807,2
Jan 24 2020 02 0,83.911,1
Jan 24 2020 03 0,103.687,1
Jan 24 2020 04 0,100.032,1
Jan 24 2020 06 0,103.312,2
Jan 24 2020 08 0,95.721,2
Jan 24 2020 09 0,101.304,4
Jan 24 2020 12 0,104.189,2
Jan 24 2020 13 0,103.123,5
Jan 24 2020 14 0,102.847,3
Jan 24 2020 15 0,100.771,3
Jan 24 2020 16 0,103.174,2
Jan 24 2020 17 0,88.455,3
Jan 24 2020 18 0,99.166,1
Jan 24 2020 19 0,92.624,4
Jan 24 2020 20 0,92.104,2
Jan 24 2020 21 0,89.065,7
Jan 24 2020 22 0,97.896,3
Jan 24 2020 23 0,98.749,1
Jan 25 2020 00 0,97.531,3
Jan 25 2020 02 0,99.44,1
Jan 25 2020 06 0,94.007,2
Jan 25 2020 07 0,97.921,2
Jan 25 2020 08 0,98.254,4
Jan 25 2020 09 0,90.56,4
Jan 25 2020 10 0,96.161,4
Jan 25 2020 11 0,100.279,1
Jan 25 2020 12 0,92.581,4
Jan 25 2020 13 0,99.09,2
Jan 25 2020 15 0,99.268,6
Jan 25 2020 16 0,92.132,2
Jan 25 2020 17 0,88.658,3
Jan 25 2020 18 0,90.965,2
Jan 25 2020 19 0,100.616,3
Jan 25 2020 20 0,90.515,5
Jan 25 2020 21 0,94.581,3
Jan 25 2020 22 0,98.225,3
Jan 25 2020 23 0,98.507,3
Jan 26 2020 00 0,97.974,1
Jan 26 2020 01 0,98.456,3
Jan 26 2020 03 0,88.453,1
Jan 26 2020 04 0,85.753,1
Jan 26 2020 05 0,87.128,1
Jan 26 2020 06 0,88.666,1
Jan 26 2020 07 0,89.61,2
Jan 26 2020 08 0,88.13,5
Jan 26 2020 09 0,90.824,1
Jan 26 2020 10 0,90.933,6
Jan 26 2020 11 0,82.92,2
Jan 26 2020 12 0,92.481,2
Jan 26 2020 13 0,97.11,2
Jan 26 2020 14 0,94.669,3
Jan 26 2020 15 0,90.117,2
Jan 26 2020 16 0,90.318,6
Jan 26 2020 17 0,77.198,1
Jan 26 2020 18 0,91.942,2
Jan 26 2020 19 0,91.398,6
Jan 26 2020 20 0,91.529,3
Jan 26 2020 21 0,94.482,3
Jan 26 2020 22 0,77.198,1
Jan 26 2020 23 0,93.978,1
Jan 27 2020 01 0,94.081,1
Jan 27 2020 02 0,88.398,1
Jan 27 2020 05 0,93.992,1
Jan 27 2020 06 0,96.008,2
Jan 27 2020 07 0,88.367,1
Jan 27 2020 08 0,90.569,3
Jan 27 2020 10 0,92.98,2
Jan 27 2020 11 0,88.106,1
Jan 27 2020 12 0,95.783,4
Jan 27 2020 13 0,86.854,1
Jan 27 2020 14 0,98.417,3
Jan 27 2020 15 0,100.255,6
Jan 27 2020 16 0,100.789,2
Jan 27 2020 17 0,84.68,5
Jan 27 2020 18 0,88.665,3
Jan 27 2020 19 0,103.7,1
Jan 27 2020 20 0,93.001,5
Jan 27 2020 21 0,103.37,3
Jan 27 2020 22 0,95.869,1
Jan 27 2020 23 0,100.112,1
Jan 28 2020 00 0,100.38,1
Jan 28 2020 01 0,86.113,2
Jan 28 2020 02 0,80.415,1
Jan 28 2020 04 0,88.214,1
Jan 28 2020 06 0,88.225,1
Jan 28 2020 07 0,100.467,2
Jan 28 2020 08 0,94.67,2
Jan 28 2020 09 0,86.855,1
Jan 28 2020 10 0,89.794,2
Jan 28 2020 12 0,95.861,2
Jan 28 2020 14 0,103.526,2
Jan 28 2020 15 0,94.811,4
Jan 28 2020 16 0,97.304,5
Jan 28 2020 17 0,97.945,3
Jan 28 2020 18 0,92.393,3
Jan 28 2020 19 0,93.918,6
Jan 28 2020 20 0,88.214,1
Jan 28 2020 21 0,92.426,2
Jan 28 2020 22 0,88.203,2
Jan 28 2020 23 0,84.261,3
Jan 29 2020 00 0,90.354,2
Jan 29 2020 01 0,92.057,2
Jan 29 2020 03 0,94.508,1
Jan 29 2020 04 0,102.162,3
Jan 29 2020 07 0,96.498,2
Jan 29 2020 09 0,97.52,1
Jan 29 2020 10 0,100.596,2
Jan 29 2020 11 0,100.424,1
Jan 29 2020 12 0,91.359,1
Jan 29 2020 13 0,100.088,1
Jan 29 2020 14 0,88.175,2
Jan 29 2020 15 0,98.556,6
Jan 29 2020 16 0,100.203,2
Jan 29 2020 17 0,96.203,2
Jan 29 2020 18 0,95.942,3
Jan 29 2020 19 0,94.845,3
Jan 29 2020 20 0,99.632,3
Jan 29 2020 21 0,99.555,5
Jan 29 2020 22 0,239.739,1
Jan 29 2020 23 0,100.958,2
Jan 30 2020 00 0,96.7,1
Jan 30 2020 02 0,101.358,2
Jan 30 2020 06 0,100.685,1
Jan 30 2020 07 0,104.434,1
Jan 30 2020 08 0,101.078,3
Jan 30 2020 09 0,101.206,2
Jan 30 2020 10 0,105.231,2
Jan 30 2020 11 0,89.034,1
Jan 30 2020 12 0,89.216,1
Jan 30 2020 13 0,101.048,1
Jan 30 2020 14 0,96.572,2
Jan 30 2020 15 0,91.391,3
Jan 30 2020 16 0,82.941,2
Jan 30 2020 19 0,94.537,6
Jan 30 2020 21 0,95.006,2
Jan 30 2020 23 0,98.598,2
Jan 31 2020 00 0,100.168,2
Jan 31 2020 02 0,88.156,1
Jan 31 2020 03 0,101.225,1
Jan 31 2020 07 0,99.016,4
Jan 31 2020 08 0,88.215,3
Jan 31 2020 09 0,102.048,1
Jan 31 2020 10 0,101.815,1
Jan 31 2020 11 0,101.777,4
Jan 31 2020 12 0,101.43,1
Jan 31 2020 13 0,90.905,6
Jan 31 2020 14 0,101.499,1
Jan 31 2020 15 0,100.476,4
Jan 31 2020 16 0,95.136,2
Jan 31 2020 17 0,97.899,2
Jan 31 2020 18 0,88.806,3
Jan 31 2020 19 0,100.297,5
Jan 31 2020 20 0,100.776,3
Jan 31 2020 21 0,88.543,1
Jan 31 2020 22 0,95.556,2
Jan 31 2020 23 0,98.176,1
Feb 01 2020 00 0,92.722,3
Feb 01 2020 02 0,87.788,1
Feb 01 2020 03 0,89.577,2
Feb 01 2020 04 0,101.446,2
Feb 01 2020 07 0,93.706,2
Feb 01 2020 08 0,123.758,1
Feb 01 2020 09 0,101.316,2
Feb 01 2020 10 0,102.111,3
Feb 01 2020 11 0,102.188,3
Feb 01 2020 12 0,100.377,1
Feb 01 2020 13 0,98.675,6
Feb 01 2020 14 0,95.483,5
Feb 01 2020 15 0,99.581,2
Feb 01 2020 16 0,100.725,7
Feb 01 2020 17 0,100.718,1
Feb 01 2020 18 0,92.734,3
Feb 01 2020 19 0,98.945,7
Feb 01 2020 20 0,93.678,8
Feb 01 2020 21 0,92.896,2
Feb 01 2020 22 0,99.271,2
Feb 01 2020 23 0,101.57,2
Feb 02 2020 02 0,101.699,2
Feb 02 2020 05 0,94.692,2
Feb 02 2020 06 0,105.789,2
Feb 02 2020 07 0,104.814,1
Feb 02 2020 08 0,94.4,1
Feb 02 2020 09 0,104.042,1
Feb 02 2020 10 0,97.164,2
Feb 02 2020 13 0,103.27,3
Feb 02 2020 14 0,95.287,4
Feb 02 2020 15 0,97.634,2
Feb 02 2020 16 0,93.26,3
Feb 02 2020 17 0,100.458,3
Feb 02 2020 18 0,95.839,1
Feb 02 2020 19 0,96.32,6
Feb 02 2020 20 0,101.957,3
Feb 02 2020 21 0,86.927,4
Feb 02 2020 22 0,92.931,1
Feb 02 2020 23 0,101.716,2
Feb 03 2020 01 0,102.747,1
Feb 03 2020 04 0,100.322,1
Feb 03 2020 05 0,89.355,1
Feb 03 2020 06 0,102.562,1
Feb 03 2020 07 0,95.235,3
Feb 03 2020 09 0,108.191,1
Feb 03 2020 10 0,100.035,1
Feb 03 2020 11 0,96.97,1
Feb 03 2020 13 0,102.527,3
Feb 03 2020 14 0,101.877,5
Feb 03 2020 15 0,95.706,2
Feb 03 2020 16 0,91.652,2
Feb 03 2020 17 0,95.198,4
Feb 03 2020 18 0,92.734,3
Feb 03 2020 19 0,103.026,2
Feb 03 2020 20 0,104.63,4
Feb 03 2020 21 0,94.872,4
Feb 03 2020 22 0,103.032,1
Feb 03 2020 23 0,89.61,2
Feb 04 2020 00 0,93.066,1
Feb 04 2020 01 0,88.996,1
Feb 04 2020 07 0,99.691,2
Feb 04 2020 10 0,98.6,3
Feb 04 2020 11 0,101.546,1
Feb 04 2020 12 0,100.86,2
Feb 04 2020 13 0,92.732,2
Feb 04 2020 14 0,89.82,2
Feb 04 2020 15 0,99.752,2
Feb 04 2020 16 0,94.651,2
Feb 04 2020 17 0,98.314,3
Feb 04 2020 18 0,88.236,2
Feb 04 2020 19 0,99.815,6
Feb 04 2020 20 0,101.87,3
Feb 04 2020 21 0,100.789,1
Feb 04 2020 22 0,101.335,3
Feb 04 2020 23 0,101.091,1
Feb 05 2020 01 0,101.043,1
Feb 05 2020 02 0,106.502,1
Feb 05 2020 03 0,102.85,1
Feb 05 2020 05 0,102.93,1
Feb 05 2020 06 0,103.106,2
Feb 05 2020 07 0,106.912,2
Feb 05 2020 09 0,96.043,2
Feb 05 2020 10 0,97.86,3
Feb 05 2020 11 0,104.679,3
Feb 05 2020 12 0,100.622,2
Feb 05 2020 13 0,101.955,3
Feb 05 2020 14 0,106.503,1
Feb 05 2020 15 0,103.934,3
Feb 05 2020 16 0,105.018,4
Feb 05 2020 17 0,113.604,3
Feb 05 2020 18 0,105.1,1
Feb 05 2020 19 0,112.975,3
Feb 05 2020 20 0,109.553,2
Feb 05 2020 21 0,112.58,3
Feb 05 2020 22 0,102.643,2
Feb 05 2020 23 0,102.379,2
Feb 06 2020 00 0,96.987,2
Feb 06 2020 02 0,95.881,1
Feb 06 2020 03 0,104.306,1
Feb 06 2020 04 0,95.854,1
Feb 06 2020 06 0,100.598,2
Feb 06 2020 07 0,103.779,1
Feb 06 2020 08 0,104.34,1
Feb 06 2020 09 0,109.534,3
Feb 06 2020 10 0,116.72,1
Feb 06 2020 11 0,105.704,1
Feb 06 2020 12 0,89.202,1
Feb 06 2020 13 0,100.017,1
Feb 06 2020 14 0,103.141,2
Feb 06 2020 15 0,109.028,3
Feb 06 2020 16 0,89.759,1
Feb 06 2020 17 0,104.379,4
Feb 06 2020 18 0,107.02,4
Feb 06 2020 19 0,94.037,7
Feb 06 2020 20 0,84.68,1
Feb 06 2020 21 0,106.109,3
Feb 06 2020 22 0,107.741,1
Feb 06 2020 23 0,106.168,1
Feb 07 2020 00 0,83.911,1
Feb 07 2020 04 0,121.303,1
Feb 07 2020 05 0,93.91,1
Feb 07 2020 06 0,114.818,1
Feb 07 2020 07 0,100.264,1
Feb 07 2020 10 0,104.146,1
Feb 07 2020 11 0,104.752,1
Feb 07 2020 12 0,106.198,4
Feb 07 2020 13 0,95.673,3
Feb 07 2020 14 0,106.44,5
Feb 07 2020 15 0,97.409,3
Feb 07 2020 16 0,97.13,2
Feb 07 2020 17 0,99.885,5
Feb 07 2020 18 0,96.804,4
Feb 07 2020 19 0,98.918,4
Feb 07 2020 20 0,105.121,1
Feb 07 2020 22 0,99.508,1
Feb 07 2020 23 0,91.987,6
Feb 08 2020 00 0,94.742,4
Feb 08 2020 01 0,100.877,2
Feb 08 2020 02 0,92.652,1
Feb 08 2020 03 0,98.122,2
Feb 08 2020 05 0,93.071,1
Feb 08 2020 06 0,98.736,2
Feb 08 2020 07 0,92.162,1
Feb 08 2020 08 0,115.219,1
Feb 08 2020 09 0,92.302,1
Feb 08 2020 10 0,93.782,10
Feb 08 2020 11 0,102.371,3
Feb 08 2020 12 0,99.528,6
Feb 08 2020 13 0,99.858,4
Feb 08 2020 15 0,103.981,2
Feb 08 2020 16 0,102.996,3
Feb 08 2020 17 0,101.214,5
Feb 08 2020 18 0,99.843,5
Feb 08 2020 19 0,95.925,4
Feb 08 2020 20 0,96.491,2
Feb 08 2020 21 0,97.213,6
Feb 09 2020 00 0,103.57,1
Feb 09 2020 01 0,87.709,2
Feb 09 2020 03 0,100.623,3
Feb 09 2020 05 0,100.162,2
Feb 09 2020 06 0,94.234,2
Feb 09 2020 07 0,102.518,2
Feb 09 2020 08 0,106.555,1
Feb 09 2020 10 0,96.587,2
Feb 09 2020 11 0,100.759,2
Feb 09 2020 12 0,105.871,2
Feb 09 2020 13 0,101.872,4
Feb 09 2020 14 0,105.177,3
Feb 09 2020 15 0,88.415,2
Feb 09 2020 16 0,102.575,3
Feb 09 2020 17 0,100.26,1
Feb 09 2020 18 0,100.132,6
Feb 09 2020 19 0,88.456,1
Feb 09 2020 20 0,100.918,3
Feb 09 2020 21 0,93.096,4
Feb 09 2020 23 0,100.267,1
Feb 10 2020 01 0,96.649,1
Feb 10 2020 02 0,101.541,1
Feb 10 2020 04 0,91.043,1
Feb 10 2020 06 0,96.833,1
Feb 10 2020 09 0,96.808,1
Feb 10 2020 10 0,98.058,5
Feb 10 2020 11 0,100.498,2
Feb 10 2020 12 0,101.499,4
Feb 10 2020 13 0,96.862,4
Feb 10 2020 14 0,97.474,2
Feb 10 2020 15 0,100.346,2
Feb 10 2020 16 0,94.107,2
Feb 10 2020 17 0,95.517,4
Feb 10 2020 18 0,94.771,4
Feb 10 2020 19 0,99.489,3
Feb 10 2020 20 0,99.283,2
Feb 10 2020 21 0,101.619,2
Feb 10 2020 22 0,101.783,2
Feb 11 2020 01 0,97.383,2
Feb 11 2020 03 0,96.847,2
Feb 11 2020 04 0,92.96,1
Feb 11 2020 05 0,103.091,1
Feb 11 2020 06 0,103.112,3
Feb 11 2020 07 0,98.402,2
Feb 11 2020 08 0,103.742,2
Feb 11 2020 09 0,103.216,1
Feb 11 2020 10 0,102.211,2
Feb 11 2020 11 0,103.1,2
Feb 11 2020 13 0,91.332,2
Feb 11 2020 14 0,90.987,2
Feb 11 2020 15 0,90.799,4
Feb 11 2020 17 0,97.767,3
Feb 11 2020 18 0,91.632,3
Feb 11 2020 19 0,101.611,4
Feb 11 2020 20 0,94.789,4
Feb 11 2020 21 0,101.532,3
Feb 11 2020 22 0,89.47,2
Feb 11 2020 23 0,92.196,2
Feb 12 2020 03 0,98.665,1
Feb 12 2020 04 0,107.604,1
Feb 12 2020 05 0,97.946,1
Feb 12 2020 06 0,97.992,1
Feb 12 2020 07 0,96.052,2
Feb 12 2020 08 0,98.755,1
Feb 12 2020 09 0,98.826,1
Feb 12 2020 10 0,95.293,2
Feb 12 2020 11 0,94.957,3
Feb 12 2020 12 0,101.495,2
Feb 12 2020 13 0,96.272,3
Feb 12 2020 14 0,99.184,6
Feb 12 2020 15 0,103.592,6
Feb 12 2020 16 0,103.362,4
Feb 12 2020 17 0,103.109,1
Feb 12 2020 18 0,108.398,1
Feb 12 2020 19 0,104.154,6
Feb 12 2020 20 0,99.07,6
Feb 12 2020 21 0,101.034,2
Feb 12 2020 22 0,95.309,2
Feb 13 2020 01 0,100.02,3
Feb 13 2020 02 0,104.329,1
Feb 13 2020 04 0,91.228,1
Feb 13 2020 05 0,95.346,1
Feb 13 2020 07 0,103.621,2
Feb 13 2020 09 0,109.726,1
Feb 13 2020 10 0,103.044,3
Feb 13 2020 11 0,103.487,4
Feb 13 2020 12 0,103.724,4
Feb 13 2020 13 0,91.485,1
Feb 13 2020 14 0,105.02,1
Feb 13 2020 15 0,105.497,4
Feb 13 2020 16 0,106.298,5
Feb 13 2020 17 0,92.109,3
Feb 13 2020 18 0,99.516,1
Feb 13 2020 19 0,95.478,4
Feb 13 2020 20 0,104.444,1
Feb 13 2020 21 0,90.904,3
Feb 13 2020 23 0,87.267,1
Feb 14 2020 00 0,97.95,2
Feb 14 2020 01 0,90.624,1
Feb 14 2020 04 0,107.627,1
Feb 14 2020 05 0,94.261,2
Feb 14 2020 06 0,96.987,1
Feb 14 2020 07 0,100.264,4
Feb 14 2020 08 0,90.274,3
Feb 14 2020 09 0,92.685,1
Feb 14 2020 10 0,101.146,1
Feb 14 2020 11 0,101.715,2
Feb 14 2020 12 0,101.807,1
Feb 14 2020 13 0,104.532,5
Feb 14 2020 14 0,102.092,7
Feb 14 2020 15 0,101.025,4
Feb 14 2020 16 0,101.359,4
Feb 14 2020 17 0,106.951,3
Feb 14 2020 18 0,105.47,4
Feb 14 2020 19 0,100.047,2
Feb 14 2020 20 0,95.044,2
Feb 14 2020 21 0,106.605,5
Feb 14 2020 22 0,103.071,1
Feb 14 2020 23 0,105.065,2
Feb 15 2020 00 0,108.464,4
Feb 15 2020 02 0,106.39,3
Feb 15 2020 03 0,107.295,2
Feb 15 2020 05 0,98.96,1
Feb 15 2020 06 0,107.126,2
Feb 15 2020 07 0,108.525,3
Feb 15 2020 08 0,90.344,3
Feb 15 2020 09 0,105.112,2
Feb 15 2020 10 0,108.469,2
Feb 15 2020 11 0,103.449,3
Feb 15 2020 12 0,99.432,4
Feb 15 2020 13 0,104.441,1
Feb 15 2020 14 0,97.66,3
Feb 15 2020 15 0,104.002,7
Feb 15 2020 16 0,101.26,5
Feb 15 2020 17 0,97.658,2
Feb 15 2020 18 0,100.821,4
Feb 15 2020 19 0,99.961,1
Feb 15 2020 20 0,95.937,3
Feb 15 2020 21 0,98.642,1
Feb 15 2020 22 0,98.525,3
Feb 15 2020 23 0,97.5,4
Feb 16 2020 00 0,94.115,2
Feb 16 2020 01 0,96.107,2
Feb 16 2020 03 0,104.655,1
Feb 16 2020 04 0,101.632,2
Feb 16 2020 06 0,1150,1
Feb 16 2020 07 0,102.395,1
Feb 16 2020 08 0,90.86,3
Feb 16 2020 09 0,105.554,2
Feb 16 2020 10 0,94.553,2
Feb 16 2020 11 0,102.122,2
Feb 16 2020 12 0,99.732,3
Feb 16 2020 13 0,98.095,3
Feb 16 2020 14 0,96.663,4
Feb 16 2020 15 0,97.444,6
Feb 16 2020 16 0,95.941,5
Feb 16 2020 17 0,100.036,6
Feb 16 2020 18 0,101.829,4
Feb 16 2020 19 0,98.899,4
Feb 16 2020 20 0,102.126,3
Feb 16 2020 21 0,102.262,2
Feb 16 2020 22 0,105.151,4
Feb 16 2020 23 0,98.933,2
Feb 17 2020 05 0,98.653,1
Feb 17 2020 07 0,100.049,1
Feb 17 2020 08 0,101.688,1
Feb 17 2020 09 0,95.913,2
Feb 17 2020 10 0,103.494,4
Feb 17 2020 11 0,102.269,2
Feb 17 2020 12 0,104.059,2
Feb 17 2020 13 0,92.91,1
